id,source,source_label,source_weight,credibility_tier,title,content,content_word_count,is_scam,scam_type,scam_type_normalised,risk_level,risk_label,sentiment_score,location_name,district,latitude,longitude,url,helpful_votes,demographic_target,created_at,data_quality_flag
1,google_news,Google News RSS,0.55,Tier-2 Aggregator,"US, Israel issue Sri Lanka attack alert after 'terrorist' threat against tourists - ABC News - Breaking News, Latest News and Videos","US, Israel issue Sri Lanka attack alert after 'terrorist' threat against tourists - ABC News - Breaking News, Latest News and Videos. US, Israel issue Sri Lanka attack alert after 'terrorist' threat against tourists &nbsp;&nbsp; ABC News - Breaking News, Latest News and Videos",42,0,Safety Advisory,Safety Advisory (Non-Incident),1,Low,0.0,Sri Lanka,,,,https://news.google.com/rss/articles/CBMioAFBVV95cUxNZlExQTMxeERFRkRDV1hmcTBLQ2ZBQU5HMjdaQV82SnNqeVdaOFpsWFNiNzBKY0VMZTNYbVpSeGFENFNaWmV6TTFZYnJUcFRMTFliaExYaWo5QURucEpXUEdwQTd6YXFwN0Q2YWRzb1E1cWFlYlk0NWNvLTNQQnM2S3o4alVja1hmbWFhelMtdEtaSmJFZlVGUGRJd0RHQURY0gGmAUFVX3lxTE9oTktJQ2xqVWdOVXpUOXBGeGtsRC11WTgyVmw3ZVB1ZHpTMTNQTHl5d3JpaDdvZjNZRllvOFFOMllyS3VWMVJwM0lHdUlpbDg2aHRKZnJZdTRPWUtxTDdXNDh3VGdQeThxSGc2TjFWQVd4bHhNQTJsclgxWWtHWnpJdmQ0WWZzUDJ5b29kX0tvVThOdmpmRnB3Z3JrMDBnWXZ5dzhzNWc?oc=5,0,Tourists,2026-08-06 04:07:13,MEDIUM
2,google_news,Google News RSS,0.55,Tier-2 Aggregator,"Security Alert: Avoid Travel to Arugam Bay Due to Credible Threat (October 23, 2024) - U.S. Embassy in Sri Lanka (.gov)","Security Alert: Avoid Travel to Arugam Bay Due to Credible Threat (October 23, 2024) - U.S. Embassy in Sri Lanka (.gov). Security Alert: Avoid Travel to Arugam Bay Due to Credible Threat (October 23, 2024) &nbsp;&nbsp; U.S. Embassy in Sri Lanka (.gov)",44,0,,General Safety Incident,1,Low,0.0,Arugam Bay,Monaragala,6.8399,81.8325,https://news.google.com/rss/articles/CBMilAFBVV95cUxPel9TTVlucml5bXB0MS1zdURGRkZlZWJlQjV1WTV4cTFCVGZWYmxiMFVRV0Z3OFBqZFpxdDVZU0d6ZzlqaWZTaGF2Z21nbDduNUpZY1FMcTRDNUk2MDk1Ui13UC03TkRFT2hybUMwekVaNzZHQXB2V25yb3VvWTJ2ZktTclI5NVBxTkE3SVhzbmRFTWxa?oc=5,0,Tourists,2026-08-06 04:07:18,MEDIUM
3,google_news,Google News RSS,0.55,Tier-2 Aggregator,Fake tourist police trio arrested for allegedly kidnapping Brazilian in Sri Lanka - Newswire,Fake tourist police trio arrested for allegedly kidnapping Brazilian in Sri Lanka - Newswire. Fake tourist police trio arrested for allegedly kidnapping Brazilian in Sri Lanka &nbsp;&nbsp; Newswire,28,0,,General Safety Incident,1,Low,0.0,Sri Lanka,,,,https://news.google.com/rss/articles/CBMiuAFBVV95cUxOck5zSmRfalNGY3FiUmNDZmJ3amoxaVZieXZiQWg0Ty1hdXh6Mk1EVmg3ZkcwTm5wamo1azFnTlBrSzZKN09TQXNCY3h4eG0xTXRCaElvZXdCb1o2bkxDTF9WUnNSNldWbUUxdUlQbjQ4RFRLTElqdjEzc2hUWVdSbWsyeFhubWRTOF9sdWdEdXNmZVJOeTBwQnVkS3BWWExTS0dVTFhrRXo0VkJmV1ROYVVmc0Q5Q3Ry?oc=5,0,Tourists,2026-08-06 04:07:21,LOW
4,google_news,Google News RSS,0.55,Tier-2 Aggregator,"Drunk Sri Lankan police assault tourists in Jaffna, three hospitalised - tamilguardian.com","Drunk Sri Lankan police assault tourists in Jaffna, three hospitalised - tamilguardian.com. Drunk Sri Lankan police assault tourists in Jaffna, three hospitalised &nbsp;&nbsp; tamilguardian.com",26,1,Physical Assault,Physical Assault,3,High,-0.7288,Jaffna,Jaffna,9.6615,80.0255,https://news.google.com/rss/articles/CBMiswFBVV95cUxNUU1lUmZ2UkFzdXE5UV9SZUJ5bktNRjdNZnRneTdKR1JMa0duS2NNaDdBRWxPTVAxOTE1QnFMTlY0d2k5ZXB2V1ZoOWhoc2xLMU10SWZHdEIzaTVHdnZBWGdOei1XU09RbXI3NEFCWG82YlQxTHFJZkpSMm5JZ3RJc2h1elMzbVd2U0prVXRkTEJ5YkR3VHZLOF9KMm1kd0dZME43c1VEUGxHbFBKdnYxbU5OZw?oc=5,0,Tourists,2026-08-06 04:07:22,MEDIUM
5,google_news,Google News RSS,0.55,Tier-2 Aggregator,"Sri Lanka’s deadly roads claim 1,800 lives in 2025, threatening tourism industry - tamilguardian.com","Sri Lanka’s deadly roads claim 1,800 lives in 2025, threatening tourism industry - tamilguardian.com. Sri Lanka’s deadly roads claim 1,800 lives in 2025, threatening tourism industry &nbsp;&nbsp; tamilguardian.com",34,0,,General Safety Incident,1,Low,0.0,Sri Lanka,,,,https://news.google.com/rss/articles/CBMisgFBVV95cUxObVlWVE51T19rdjB0OVlSRkh5NkFWcHFJcnRnQjdBWFlWbDlSYUdiTlJLakVRSEZVSEZBeUxXbzhHSV9ScDcwaU9PZDVzREtTX250TjBYaDB4a24tUGw4WloxV2JJLW5ubUdpUlZkMW9TSGJNUXpwT3FsWHl1UGhTVzhrYmhLMDRWclp3aXRRUUw4S3o3NklFbjUxRzRNNFI5bmRxQS12MDVpOElubTBqbjhR?oc=5,0,Tourists,2026-08-06 04:07:25,LOW
6,google_news,Google News RSS,0.55,Tier-2 Aggregator,Israeli tourist injured in Arugam Bay robbery - tamilguardian.com,Israeli tourist injured in Arugam Bay robbery - tamilguardian.com. Israeli tourist injured in Arugam Bay robbery &nbsp;&nbsp; tamilguardian.com,20,1,Accident / Hazard,Accident / Hazard,3,High,-0.7426,Arugam Bay,Monaragala,6.8399,81.8325,https://news.google.com/rss/articles/CBMihwFBVV95cUxNZU5sRmFla0t2NmhuUHdBYVF0Y1gtblhGWDJ2WThoUnVpbjJDNFlIcjVtbmp6emU2THJ2Z080WjhVNVRyZ1k3MU5GYy1QZUkxQ0sxOWQxTHJzem43LWFBeS1ST1J5RTZrX09GQzZZQ2pYby1WVHB2a0x3NDdYbEJScHNCdFEwWkk?oc=5,0,Tourists,2026-08-06 04:07:25,MEDIUM
7,google_news,Google News RSS,0.55,Tier-2 Aggregator,Gemstone shop manager arrested for selling fake gems to tourists - Daily Mirror - Sri Lanka,Gemstone shop manager arrested for selling fake gems to tourists - Daily Mirror - Sri Lanka. Gemstone shop manager arrested for selling fake gems to tourists &nbsp;&nbsp; Daily Mirror - Sri Lanka,30,1,Gem Scam,Gem / Jewellery Scam,3,High,-0.7373,Sri Lanka,,,,https://news.google.com/rss/articles/CBMivwFBVV95cUxPTFNkSXRSVjVWTmJJN0dNTDUyTG1MVDhMbk81enoxd1F3NmtSWE9JUGF4Nm4wSDE2bHAyOU9Pc1U0Sm9kSEExU0dHTW4ycnBSWnNKUmxYVWVHNTIwWE83bE4yN1FfdUQ5U2dlUlQtRkNXOXVNNWxlMmNpbzlxSkV5QWpaWVZaQnhVcFhSbXd0WjZxMVlKaUFDbnpLQ2RGcVBhZUdOblFuSmRfWnNNcndzWW9UVlZNeTQxZ2NiOUZSdw?oc=5,0,Tourists,2026-08-06 04:07:25,MEDIUM
8,google_news,Google News RSS,0.55,Tier-2 Aggregator,Kiwi Solo Traveller Shares Update After Harassment By Sri Lankan Man: 'Lot Of Victim-Blaming' - NDTV,Kiwi Solo Traveller Shares Update After Harassment By Sri Lankan Man: 'Lot Of Victim-Blaming' - NDTV. Kiwi Solo Traveller Shares Update After Harassment By Sri Lankan Man: 'Lot Of Victim-Blaming' &nbsp;&nbsp; NDTV,34,1,Harassment,Harassment / Assault,2,Moderate,0.0,Sri Lanka,,,,https://news.google.com/rss/articles/CBMiygFBVV95cUxON1gyN01odWxob2tLeE1kaVUxay01bktKVm1Rd2xuYmRsYTgyQ0IzVE84bmlnZDJNN0l4eUhhOXBZZWFEV25BdjRVV3pRb0VWUGRtODFLVGZEMmZOM0xzRmxERW1pdnR5TVZTZXlRQ1B5cW5xdVMyZ1lPYnMyNzRDUVVTd1luREp6dHk2N0ptcEcyNUZGbF9zSXJfRHRqNzZLTV8yLWNXWi1IV25lVUpwVWI3YktUcXNNUDNsMkNyRDBmcklseUljY0ZR0gHSAUFVX3lxTFBlS242cnV5d3NTTC1qV0QtR3F5aUVQN0ZyZU9sSmQ3Z0Q5cTBiWFAwVkVrYUFycXRCNTUtcnlCWW53Z1NRLTlQVEtGYlRyZ1VvcDdMWHdxZmVSM1ByTUNrMWJJUDJIWXBjaklNeGJVU3ZlRHVYMVlXUVh0SVllRWhtS0hhMTI1eEFCZlg5X0hZRU5CT3AxTG9Kb05jcjNiNGNoUHlPUHRVN2g5bTJ0Y2NZZGY2eG1qd3FqdEpOZnQzODNOMTU1eUdrcmpSTVBFUVJNZw?oc=5,0,Tourists,2026-08-06 04:07:28,MEDIUM
9,google_news,Google News RSS,0.55,Tier-2 Aggregator,Man arrested after video of tourist harassment goes viral - Daily Mirror - Sri Lanka,Man arrested after video of tourist harassment goes viral - Daily Mirror - Sri Lanka. Man arrested after video of tourist harassment goes viral &nbsp;&nbsp; Daily Mirror - Sri Lanka,28,1,Harassment,Harassment / Assault,2,Moderate,-0.6593,Sri Lanka,,,,https://news.google.com/rss/articles/CBMirgFBVV95cUxQVXEzcmtHUzZ5TDJTUFEwQUMzbHQzMER2QjNFRHR2NnZsS1J5ZFJSUFAxaGVMTGlFamNBY1FibDZGaGQwY2dDUFJ0WmhrSDhOZlczdG9WbzFHWXp5QmtRZVlBVnFmNTNKT0IwdktiOGFuOFRhS1FfbnR6T1pCV0tWNVlHSDdBOFNBTHc2Q1Zac2pGbzBGdlNsU2dmZWJqQkFTMWc0TS01T2VPVXpfaHc?oc=5,0,Tourists,2026-08-06 04:07:31,MEDIUM
10,google_news,Google News RSS,0.55,Tier-2 Aggregator,Harassment of female tourists in Sri Lanka sparks online uproar and two arrests - tamilguardian.com,Harassment of female tourists in Sri Lanka sparks online uproar and two arrests - tamilguardian.com. Harassment of female tourists in Sri Lanka sparks online uproar and two arrests &nbsp;&nbsp; tamilguardian.com,32,1,Harassment,Harassment / Assault,2,Moderate,-0.6905,Sri Lanka,,,,https://news.google.com/rss/articles/CBMisAFBVV95cUxONHhRZHJhWDNnZG96ZFJJQW5IWEQtTzMweURNTk1JNXRrUzExcy1rVTNVbkk4a29DejZEaDRhMDFjdTdLV21fNW1JSjdiTnFvaGxIU280VkZaeVFkT0lQRTByMFRsSjA2T0dlb3NBNUpnQ1h0b0ZPdzFVMUpfMUFQbkdlcmc0VjdDeUJCdkREczhkaGxqZWhxMkl1ZEVSa0FOVVJVamRyNjVpLW5SNFYzcg?oc=5,0,Tourists,2026-08-06 04:07:33,MEDIUM
11,google_news,Google News RSS,0.55,Tier-2 Aggregator,Sri Lanka’s elephant paradox: Govt. counts tourism dollars while playing a dangerous numbers game: Expert - Island.lk,Sri Lanka’s elephant paradox: Govt. counts tourism dollars while playing a dangerous numbers game: Expert - Island.lk. Sri Lanka’s elephant paradox: Govt. counts tourism dollars while playing a dangerous numbers game: Expert &nbsp;&nbsp; Island.lk,38,0,,General Safety Incident,1,Low,0.0,Sri Lanka,,,,https://news.google.com/rss/articles/CBMiuwFBVV95cUxNWVRSVVlraDFsd05hSmRKME9TVnRHVllfckpLaGduWDRmeHp5bjgyOVcza1o1cklqYlFDbzFCZGp0VTRJMXJ2TF84aTlXOGd2aHM2ZzZodHJhRWhvcC1hYk1PNTMxVUZ1UHYwNFhHQ2lncDktVEZKT05tdWJmRVAwdVI5b0s2UTMyRXI1LURYdEJkcXZMakxnZExkNGVXQVJjME9ZWk5PbWNvcnE4WVRZb0Z6LWd4cEV3LVRr?oc=5,0,Tourists,2026-08-06 04:07:36,LOW
13,google_news,Google News RSS,0.55,Tier-2 Aggregator,Tourist Police Bust Counterfeit Dollar Scam in Unawatuna - Newsfirst,Tourist Police Bust Counterfeit Dollar Scam in Unawatuna - Newsfirst. Tourist Police Bust Counterfeit Dollar Scam in Unawatuna &nbsp;&nbsp; Newsfirst,20,1,Accommodation Scam,Accommodation Scam,2,Moderate,0.0,Unawatuna,Galle,5.9997,80.2489,https://news.google.com/rss/articles/CBMilwFBVV95cUxOSGtnQzJFcDdvd0VRQUNPT2pIcmhQLVB4M3oxbWhzNmppNmVJODNBc0NabEpnTmNmMVVGZklDU3hkNFJLLW9NOEMtYnhaNjduckczVDRrT2ZtQlhEbkV4cjY0dkJlbjZWRWtqUENLUXBJR29pLW96bzV2aTBvcFNKVFF6enBJa0tWTzFVNktid3J4UWxIdTZz?oc=5,0,Tourists,2026-08-06 04:07:38,MEDIUM
14,google_news,Google News RSS,0.55,Tier-2 Aggregator,Israelis told to urgently leave Sri Lankan tourist areas after terrorist threat - The Guardian,Israelis told to urgently leave Sri Lankan tourist areas after terrorist threat - The Guardian. Israelis told to urgently leave Sri Lankan tourist areas after terrorist threat &nbsp;&nbsp; The Guardian,30,0,,General Safety Incident,1,Low,0.0,Sri Lanka,,,,https://news.google.com/rss/articles/CBMi0gFBVV95cUxPZ1VyY216dFpMcUU3SmhURUdHY3pOME8xUW9hOUNGLWhKQkFPU2Y1TWlWcUEwTXdqUVMxeHkzeE1aYVdCdE8zYjlEMzlKVzFSYkJFV3lyNjhaeU1SX0w3dkJwaEZMRVpnTFpmX21GTHlpR1hqanhaT0laa0M3aERFWXFsT2ZNQno0OXI1OGlWNXNLUUFaLVZjR19UVE5leC1pUzRqVTNUNktCNm9aYkdHMDZuUXJ1Y3BSMDVGWnludW9GdDJyN2RTZ0U1ekZPc3c4MXc?oc=5,0,Tourists,2026-08-06 04:07:41,LOW
15,google_news,Google News RSS,0.55,Tier-2 Aggregator,Sri Lanka arrests more than 260 foreigners over cyberscams - The Straits Times,Sri Lanka arrests more than 260 foreigners over cyberscams - The Straits Times. Sri Lanka arrests more than 260 foreigners over cyberscams &nbsp;&nbsp; The Straits Times,26,0,,General Safety Incident,1,Low,0.0,Sri Lanka,,,,https://news.google.com/rss/articles/CBMipgFBVV95cUxQTGJ2YVNwX1J4NWYxUjM2T2Q5X3ljeTRqbUN1WWctVkJ0WTZwcVZNTEc1UXlnLXhPbWFpVzEwVE80NzdTTG41VmM2Z1VXOU53LWJFa1kxemhqWlRtTDJjalF1Sm1ROTRQVzBfVXRaYk9laWtyVG9tbzhLOU9WQ1Fkc0M5cnA1UG53cnZsVmtDXzlqSXVKVDR2RFJGZzgyV2dzYWZ2YUdR?oc=5,0,Tourists,2026-08-06 09:52:00,LOW
16,google_news,Google News RSS,0.55,Tier-2 Aggregator,Sri Lanka arrests 231 foreigners in latest crackdown on cyberscams - Free Malaysia Today,Sri Lanka arrests 231 foreigners in latest crackdown on cyberscams - Free Malaysia Today. Sri Lanka arrests 231 foreigners in latest crackdown on cyberscams &nbsp;&nbsp; Free Malaysia Today,28,0,,General Safety Incident,1,Low,0.0,Sri Lanka,,,,https://news.google.com/rss/articles/CBMixAFBVV95cUxOZF9PLVlDUzZsNnlIbGxSRFVKME1jTlVLSzh3dHp2SWR1eW5WSHo2RVNuYWQ0aFM0Rng2T3ljWS1Iai15ZlBpcTh1NUVuVFRqaDExdDg3TzFKZW1vMnBFODBOZXUzazAzRnVpZnVURl9kcEhlX2l3aWlBLTFXZHEyZ09TNmU0aGJKejJQLUI1cUJzbnlFU1Y4dERXQkhJQ1JUQ1QwRDQ4bVo0Zm5mZ3EwRXBzTFRaZU1KZ09oMlVBeDNVNnFy?oc=5,0,Tourists,2026-08-06 09:52:01,LOW
551,google_news,Google News RSS,0.55,Tier-2 Aggregator,Sri Lanka Latest Breaking News and Headlines - Print Edition Beware of tuk tuk scammers in Colombo! - Daily Mirror - Sri,Sri Lanka Latest Breaking News and Headlines - Print Edition Beware of tuk tuk scammers in Colombo! - Daily Mirror - Sri Lanka. Sri Lanka Latest Breaking News and Headlines - Print Edition Beware of tuk tuk scammers in Colombo! Daily Mirror - Sri Lanka,40,1,Tuk Tuk Scam,Tuk-Tuk / Transport Scam,2,Moderate,,Colombo,Colombo,6.9271,79.8612,https://www.google.com/search?q=%22Sri%20Lanka%20Latest%20Breaking%20News%20and%20Headlines%20-%20Print%20Edition%22%20Colombo%20Sri%20Lanka%20safety&btnI=1,0,Tourists,2026-05-11 00:00:00,MEDIUM
552,google_news,Google News RSS,0.55,Tier-2 Aggregator,Foreign woman sexually harassed by three-wheeler driver in Kandy; Suspect arrested - Daily Mirror - Sri Lanka. Foreign w,Foreign woman sexually harassed by three-wheeler driver in Kandy; Suspect arrested - Daily Mirror - Sri Lanka. Foreign woman sexually harassed by three-wheeler driver in Kandy; Suspect arrested Daily Mirror - Sri Lanka,32,1,Tuk Tuk Scam,Tuk-Tuk / Transport Scam,2,Moderate,,Kandy,Kandy,7.2906,80.6337,https://www.google.com/search?q=%22Foreign%20woman%20sexually%20harassed%20by%20three-wheeler%20driver%20in%20K%22%20Kandy%20Sri%20Lanka%20safety&btnI=1,0,Tourists,2026-05-11 00:00:00,MEDIUM
554,google_news,Google News RSS,0.55,Tier-2 Aggregator,Beware of tuk tuk scammers in Colombo! - Daily Mirror - Sri Lanka. Beware of tuk tuk scammers in Colombo! Daily Mirror -,Beware of tuk tuk scammers in Colombo! - Daily Mirror - Sri Lanka. Beware of tuk tuk scammers in Colombo! Daily Mirror - Sri Lanka,22,1,Tuk Tuk Scam,Tuk-Tuk / Transport Scam,3,High,,Colombo,Colombo,6.9271,79.8612,https://www.google.com/search?q=%22Beware%20of%20tuk%20tuk%20scammers%20in%20Colombo%21%20-%20Daily%20Mirror%20-%20Sri%20%22%20Colombo%20Sri%20Lanka%20safety&btnI=1,0,Tourists,2026-05-11 00:00:00,MEDIUM
555,google_news,Google News RSS,0.55,Tier-2 Aggregator,Dutch Tourist Robbed in Colombo | Employee Confesses to Theft - Newsfirst.. Dutch Tourist Robbed in Colombo | Employee C,Dutch Tourist Robbed in Colombo | Employee Confesses to Theft - Newsfirst.. Dutch Tourist Robbed in Colombo | Employee Confesses to Theft Newsfirst.,20,1,Theft / Robbery,Theft / Robbery,3,High,,Colombo,Colombo,6.9271,79.8612,https://www.google.com/search?q=%22Dutch%20Tourist%20Robbed%20in%20Colombo%20%7C%20Employee%20Confesses%20to%20Thef%22%20Colombo%20Sri%20Lanka%20safety&btnI=1,0,Tourists,2026-05-11 00:00:00,MEDIUM
556,google_news,Google News RSS,0.55,Tier-2 Aggregator,Australian tourist’s stolen bag recovered as police make swift arrest in Unawatuna - Newswire. Australian tourist’s stol,Australian tourist’s stolen bag recovered as police make swift arrest in Unawatuna - Newswire. Australian tourist’s stolen bag recovered as police make swift arrest in Unawatuna Newswire,28,1,Theft / Robbery,Theft / Robbery,2,Moderate,,Unawatuna,Galle,5.9997,80.2489,https://www.google.com/search?q=%22Australian%20tourist%E2%80%99s%20stolen%20bag%20recovered%20as%20police%20make%20swi%22%20Unawatuna%20Sri%20Lanka%20safety&btnI=1,0,Tourists,2026-06-07 00:00:00,MEDIUM
614,dataset_csv,Curated Safety Dataset (CSV),0.7,Tier-1 Curated,great temple historically significant visited whenever came sri lanka tourists doesn't know place site kept well inside,great temple historically significant visited whenever came sri lanka tourists doesn't know place site kept well inside clean beautiful find lots garbage festival sandals stolen,26,1,Theft / Robbery,Theft / Robbery,2,Moderate,,"Kelaniya Raja Maha Viharaya, Colombo",Colombo,6.9271,79.8612,https://www.google.com/search?q=%22great%20temple%20historically%20significant%20visited%20whenever%20came%20%22%20Kelaniya%20Raja%20Maha%20Viharaya%2C%20Colombo%20Sri%20Lanka%20tourist%20safety&btnI=1,0,Tourists,2026-08-06 10:18:50,MEDIUM
615,dataset_csv,Curated Safety Dataset (CSV),0.7,Tier-1 Curated,Concerns over Sigiriya's wasps. There is controversy in Sri Lanka over the fate of thousands of bees that pose an interm,"Concerns over Sigiriya's wasps. There is controversy in Sri Lanka over the fate of thousands of bees that pose an intermittent threat to people around one of the country’s top tourist sites. Residents near the Sigiriya rock fortress complain that cruel methods are being used to get rid of some of the insects, whose colonies have lived there for hundreds of years. Sigiriya is a spectacular royal residence built fifteen hundred years ago in the jungle by a warrior king, Kasyapa. Visitors pass through water gardens and see colourful frescoes on their way up the massive natural rock outcrop, which is topped by a now ruined palace. In some seasons, though, they have to contend with huge colonies of giant honeybees which guard Sigiriya’s portals. Whole groups of schoolchildren or tourists have been stung and sent to hospital or evacuated with military help. At times of greatest threat, such as now, visitors must wear special protective clothing. But local people say that in recent days, site employees have behaved unethically by using fire and chemicals to destroy some of the bees. Those employed at the tourist site, however, say the only methods they’ve used to calm the insects have been Buddhist rituals including an all-night prayer ceremony. According to local legend quoted in some media, the bees are the incarnation of King Kasyapa’s soldiers. Any way of restraining their activity at this UNESCO World Heritage Site is going to be controversial. These creatures are said to",252,0,Safety Advisory,Safety Advisory (Non-Incident),1,Low,,Sigiriya,Matale,7.957,80.7603,https://www.google.com/search?q=%22Concerns%20over%20Sigiriya%27s%20wasps.%20There%20is%20controversy%20in%20Sri%20%22%20Sigiriya%20Sri%20Lanka%20tourist%20safety&btnI=1,0,Tourists,2010-03-14 00:00:00,HIGH
616,dataset_csv,Curated Safety Dataset (CSV),0.7,Tier-1 Curated,"Police protection for area surrounding 'Uthayan'. News Editor, Gnanasundaram Kuganathan was attacked while he was travel","Police protection for area surrounding 'Uthayan'. News Editor, Gnanasundaram Kuganathan was attacked while he was traveling along the Navalar Road in Jaffna, after which he was admitted to the Jaffna Hospital in critical condition. The police and army are also carrying out frequent security patrols in the area.",48,0,Safety Advisory,Safety Advisory (Non-Incident),1,Low,,Jaffna,Jaffna,9.6615,80.0255,https://www.google.com/search?q=%22Police%20protection%20for%20area%20surrounding%20%27Uthayan%27.%20News%20Edito%22%20Jaffna%20Sri%20Lanka%20tourist%20safety&btnI=1,0,Tourists,2011-07-30 00:00:00,MEDIUM
617,dataset_csv,Curated Safety Dataset (CSV),0.7,Tier-1 Curated,"Wild elephant attacks tourist. A foreign tourist, who attempted to photograph a wild elephant which frequented the Habar","Wild elephant attacks tourist. A foreign tourist, who attempted to photograph a wild elephant which frequented the Habarana Devala Kade on the Polonnaruwa- Habarana main road this morning, was attacked by the animal. The injured tourist was admitted to the Polonnaruwa General Hospital. A hospital spokesman said the tourist’s left lower limb was injured but that he was out of danger.",62,0,Accident / Hazard,Accident / Hazard,2,Moderate,,Polonnaruwa,Polonnaruwa,7.9403,81.0188,https://www.google.com/search?q=%22Wild%20elephant%20attacks%20tourist.%20A%20foreign%20tourist%2C%20who%20attemp%22%20Polonnaruwa%20Sri%20Lanka%20tourist%20safety&btnI=1,0,Tourists,2016-02-11 00:00:00,MEDIUM
618,dataset_csv,Curated Safety Dataset (CSV),0.7,Tier-1 Curated,Govt. harassing media now: MR. The government which came to power with the help of the media has set taboos to media ins,"Govt. harassing media now: MR. The government which came to power with the help of the media has set taboos to media institutions which also attacked me, former President Mahinda Rajapaksa said yesterday. Responding to journalists while attending a wedding at a tourist hotel in Narigama, Hikkaduwa he said the Yahapalanaya Government was causing problems to media institutions as well as journalists. Expressing his views about forming a new party and the leadership, he alleged the government was not capable of fulfilling the necessities of the common man, and that is why journalists and the people rallied round him wherever he went. He said more details about the new party and its aspirations will be revealed soon.",117,1,Physical Assault,Physical Assault,3,High,,Hikkaduwa,Galle,6.1395,80.1067,https://www.google.com/search?q=%22Govt.%20harassing%20media%20now%3A%20MR.%20The%20government%20which%20came%20to%20%22%20Hikkaduwa%20Sri%20Lanka%20tourist%20safety&btnI=1,0,Tourists,2016-02-16 00:00:00,HIGH
621,dataset_csv,Curated Safety Dataset (CSV),0.7,Tier-1 Curated,Habarana elephant attack: Ukrainian tourist attempted to take photograph: Official. The Ukranian national who had been k,"Habarana elephant attack: Ukrainian tourist attempted to take photograph: Official. The Ukranian national who had been killed by a wild elephant’s attack in Habarana had attempted to take a photograph with the elephant, the Wildlife Conservation Department said today. Speaking to the Daily Mirror, Wildlife Health Management’ Director Dr. Tharaka Prasad said it has not yet been officially proved whether the photograph was a selfie or not. “It has been reported that the foreigner had been killed on Tuesday and his female companion was injured by the wild elephant’s attack, while they were on the Habarana-Sigiriya road,” he added. Meanwhile, Minneriya National Park Range officer H.G. Wickremethilake said they have found pieces of a broken camera in the elephant’s rampage area where the foreigner had been killed, even though his female companion had stated that they were attacked on the way while they were travelling on a scooter.",153,0,Accident / Hazard,Accident / Hazard,2,Moderate,,Sigiriya,Matale,7.957,80.7603,https://www.google.com/search?q=%22Habarana%20elephant%20attack%3A%20Ukrainian%20tourist%20attempted%20to%20tak%22%20Sigiriya%20Sri%20Lanka%20tourist%20safety&btnI=1,0,Tourists,2016-05-25 00:00:00,HIGH
622,dataset_csv,Curated Safety Dataset (CSV),0.7,Tier-1 Curated,Illegal kidney transplant: CCD to travel to India. Colombo Crimes Division (CCD) ASP C.H. Chandrathilaka told Colombo Ch,"Illegal kidney transplant: CCD to travel to India. Colombo Crimes Division (CCD) ASP C.H. Chandrathilaka told Colombo Chief Magistrate Gihan Pilapitiya that their officers would be going to India to question T.R. Roy, who is thought to be the mastermind behind the illegal kidney transplant scam that has been taking place in both India and Sri Lanka. The ASP also requested the Magistrate to postpone the inquiry into the case for another date as DSG Chechnya Gunasekera who conducts the prosecution case was not available for the case as he had been called to Hambanthota for another case. The ASP also said a team of officers headed by its OIC Neville Silva and IP Ajith Eranga Fernanado were conducting investigations into the kidney donation scam and had already perused over 500 documents with another 600 documents, that were recovered during their investigations, to be scrutinised. The Magistrate further detained the suspects N. Ramachandran, E.C. Sri Nivas, M. Imtias Khan, Y.S. Chavin Krishna, Ragavel Uppalan, N Christopher and Gopalan till June 22. Vijithagiri Suresh Luckshman Kumar, an Indian National, who was a suspect in the illegal kidney transplant case, was reported to have escaped from the Mirihana detention camp.",202,1,General Scam,General Safety Incident,2,Moderate,,Colombo,Colombo,6.9271,79.8612,https://www.google.com/search?q=%22Illegal%20kidney%20transplant%3A%20CCD%20to%20travel%20to%20India.%20Colombo%20C%22%20Colombo%20Sri%20Lanka%20tourist%20safety&btnI=1,0,Tourists,2016-06-15 00:00:00,HIGH
623,dataset_csv,Curated Safety Dataset (CSV),0.7,Tier-1 Curated,"India, SL sign MoU to promote significance of Ramayana. In a move to develop infrastructure at the sites that form a par","India, SL sign MoU to promote significance of Ramayana. In a move to develop infrastructure at the sites that form a part of the Ramayana circuit, the Indian Central government signed a Memorandum of Understanding (MoU) with the Sri Lankan government, which says both the neighbouring nations will work jointly to promote mutual tourism interests. Sources in the Ministry of Tourism (MoT) said the Lankans have offered 4-5 destinations to be included in the Ramayana circuit, to complete the religious trail. These destinations would be Ravana's palaces, Ashok Vatika, Hanuman's entry point that is called 'Nagadeepa', 'Donara' where god king Ram first attacked Ravana and Yudagannawa- the main battle ground which is now stands as a wild life sanctuary, among others. “The MoU was inked on June 3 this year, in which it was agreed that Indian tourists visiting the Ram tourism circuit in Sri Lanka will be facilitated by the Lankan government,” an official said. “Reciprocal smooth passage will be accorded to visitors from Sri Lanka, a predominantly Buddhist country, while visiting various Buddhist circuits in India,” he said. The Buddhist circuits are Saravasti, Kushinagar, Bodhgaya, Sarnath, Nalanda and Lumbini located in southern Nepal, where queen Mayadevi gave birth to Prince Siddhartha. “The facilities exchanged will comprise easy transit, visa processing and security,” the official said. The groundwork for establishing a MoU on the Ramayana trail was laid when India's external affai",237,0,Safety Advisory,Safety Advisory (Non-Incident),1,Low,,Colombo,Colombo,6.9271,79.8612,https://www.google.com/search?q=%22India%2C%20SL%20sign%20MoU%20to%20promote%20significance%20of%20Ramayana.%20In%20a%22%20Colombo%20Sri%20Lanka%20tourist%20safety&btnI=1,0,Tourists,2016-07-15 00:00:00,HIGH
626,dataset_csv,Curated Safety Dataset (CSV),0.7,Tier-1 Curated,SI assaulted by four member gang in Jaffna. A police sub inspector was admitted to hospital after an unidentified motor-,"SI assaulted by four member gang in Jaffna. A police sub inspector was admitted to hospital after an unidentified motor-cycle gang attacked him on Wednesday (26) night at Wallimadam, Thunnalai in Jaffna, Nelliadi police said. The victim SI Thinduraja was beaten on his head while travelling home from the police station. The four member gang had come on two motor cycles obstructed the SI’s motor cycle before assaulting him. However the SI was not injured seriosly as the impact since he was wearing a helmet. After being assaulted the SI had run into a forest nearby and later admitted himself to the Chavakachcheri hospital. His condition is not serious according to hospital sources.",115,1,Physical Assault,Physical Assault,3,High,,Jaffna,Jaffna,9.6615,80.0255,https://www.google.com/search?q=%22SI%20assaulted%20by%20four%20member%20gang%20in%20Jaffna.%20A%20police%20sub%20ins%22%20Jaffna%20Sri%20Lanka%20tourist%20safety&btnI=1,0,Tourists,2017-07-27 00:00:00,HIGH
627,dataset_csv,Curated Safety Dataset (CSV),0.7,Tier-1 Curated,Rohingyas should be expelled: SNF. An organization named Sinhalese National Force (SNF) today claimed that the United Na,"Rohingyas should be expelled: SNF. An organization named Sinhalese National Force (SNF) today claimed that the United Nations Human Rights Council (UNHRC) was intervening into matters related to the state’s sovereignty by allowing the accommodation of Rohingya refugees in Sri Lanka. Holding a demonstration in Colombo against the accommodation of Rohingya refugees, the SNF urged the United Nations (UN) to take immediate actions to expel the Rohingya refugees of Myanmar from the country. “There is a threat from these Rohingya Muslim refugees to our country’s sovereignty. That shows that the UNHRC is more powerful than the law in our country. Meanwhile, SNF General Secretary Arambepola Rathana Thera handed over a ‘Sandeshaya’ to a UN official saying the detained Rohingya refugees should be expelled from the country. “The Government and the Defense Ministry were in two sides and as a result the Rohingya refugees are staying in the country. The issue of Rohingya Muslims is a related to Myanmar and they were expelled from Myanmar because of an internal problem there”. “Myanmar Muslim militants had reportedly attacked eighteen Police stations, an Army camp in their country. They have allegedly killed civilians and Buddhist monks in Myanmar. They had run away because of fear to facing the political and civil issues in Myanmar. They are actually a kind of terrorists,” the Thera said. “According to the law of the country, we are not bound to provide shelter for refugees. For letting th",242,0,Safety Advisory,Safety Advisory (Non-Incident),1,Low,,Colombo,Colombo,6.9271,79.8612,https://www.google.com/search?q=%22Rohingyas%20should%20be%20expelled%3A%20SNF.%20An%20organization%20named%20Sin%22%20Colombo%20Sri%20Lanka%20tourist%20safety&btnI=1,0,Tourists,2017-09-27 00:00:00,HIGH
628,dataset_csv,Curated Safety Dataset (CSV),0.7,Tier-1 Curated,"US aircraft carrier to visit SL tomorrow. The Nimitz Carrier Strike Group is scheduled to arrive in Colombo, Sri Lanka f","US aircraft carrier to visit SL tomorrow. The Nimitz Carrier Strike Group is scheduled to arrive in Colombo, Sri Lanka for a planned port visit tomorrow (28), the US Embassy in Colombo said in a statement today. It was reported that the Carrier Strike Group had included the USS Nimitz, the cruiser USS Princeton and destroyers USS Howard, USS Shoup, USS Pinckney and USS Kidd. It said that the ships were scheduled to depart Colombo on Tuesday (31). “Reflecting the growing relationship between the U.S. and Sri Lankan navies, this is the first time an aircraft carrier has visited Sri Lanka since 1985, and follows the recent completion of the inaugural bilateral Cooperation Afloat Readiness and Training (CARAT) naval exercise,” it said. “Building our maritime partnership in step with Sri Lanka’s own progress on reconciliation and human rights advances our shared national goals of fostering security and stability,” said U.S. Ambassador to Sri Lanka and Maldives Atul Keshap. “I’m delighted that U.S sailors will have the chance to visit Sri Lanka, meet with its wonderful people, and take part in public service activities at schools, hospitals, and rest homes that will improve the lives of Sri Lankans of all ages,” he added. The statement said the carrier strike group would add an estimated Rs. 1.54 billion ($10 million USD) to the Sri Lankan economy as the ships purchase supplies and thousands of U.S. sailors come ashore and support local businesses. The USS Nimitz is more than 23 s",255,0,Safety Advisory,Safety Advisory (Non-Incident),1,Low,,Colombo,Colombo,6.9271,79.8612,https://www.google.com/search?q=%22US%20aircraft%20carrier%20to%20visit%20SL%20tomorrow.%20The%20Nimitz%20Carrier%22%20Colombo%20Sri%20Lanka%20tourist%20safety&btnI=1,0,Tourists,2017-10-27 00:00:00,HIGH
629,dataset_csv,Curated Safety Dataset (CSV),0.7,Tier-1 Curated,Earth slip hampers train travel on Badulla line. Train travel along the upcountry rail roads has been hampered due to an,"Earth slip hampers train travel on Badulla line. Train travel along the upcountry rail roads has been hampered due to an earthslip and the rolling down of rocks between the Ohiya and Idalgashinna. The Railway Control Room stated that train services from Badulla to Colombo have been cancelled due this situation. Furthermore, the control room stated that the train travelling from Colombo to Badulla today, may be delayed at the Nanu Oya railway station.",74,0,Safety Advisory,Safety Advisory (Non-Incident),1,Low,,Colombo,Colombo,6.9271,79.8612,https://www.google.com/search?q=%22Earth%20slip%20hampers%20train%20travel%20on%20Badulla%20line.%20Train%20trave%22%20Colombo%20Sri%20Lanka%20tourist%20safety&btnI=1,0,Tourists,2017-11-29 00:00:00,MEDIUM
630,dataset_csv,Curated Safety Dataset (CSV),0.7,Tier-1 Curated,"New system to submit docs relating to Lankans deceased abroad. Ministry of Foreign Affairs, in coordination with the Min","New system to submit docs relating to Lankans deceased abroad. Ministry of Foreign Affairs, in coordination with the Ministry of Home Affairs, has introduced a new system through which relatives of Sri Lankans deceased abroad are allowed to submit identity documents, affidavits, and other documentation relating to the repatriation of human remains or conduct of last rites, through Divisional Secretariats islandwide. Issuing a statement the ministry said that the relatives of the deceased person were required to submit such documents to the Consular Affairs Division to bring human remains to Sri Lanka, or to get authorisation to conduct last rites abroad. Under the new system, the relatives of the deceased could submit the required documentation to the nearest Divisional Secretariat, which in turn would forward them to the Consular Affairs Division for appropriate action. It said that Secretary to the Ministry of Home Affairs has already issued a circular, instructing all Divisional Secretaries to extend required assistance for the effective implementation of this initiative. “The new system allows relatives of deceased to have their required documentation processed at the nearest Divisional Secretariat, without having the need to travel to the Consular Affairs Division in Colombo or the Regional Consular Office in Jaffna. The general public in outstation areas would particularly benefit from the new arrangement and avoid the need for travelling long distances to Colombo or J",227,0,Safety Advisory,Safety Advisory (Non-Incident),1,Low,,Colombo,Colombo,6.9271,79.8612,https://www.google.com/search?q=%22New%20system%20to%20submit%20docs%20relating%20to%20Lankans%20deceased%20abroa%22%20Colombo%20Sri%20Lanka%20tourist%20safety&btnI=1,0,Tourists,2018-03-24 00:00:00,HIGH
631,dataset_csv,Curated Safety Dataset (CSV),0.7,Tier-1 Curated,Railway strike: Loss amounts over Rs.70mn. The Railways Department had incurred a loss more than Rs.70 million due to th,"Railway strike: Loss amounts over Rs.70mn. The Railways Department had incurred a loss more than Rs.70 million due to the four-day long trade union action by the employees, Sri Lanka Railways’ Additional General Manager (Operations) Wijaya Samarasinghe said. He said the losses were due to non-issuance of tickets, repayment for booked tickets for locals and foreigners, and due to freight train cancellations. The Railways Department also had to bear the expenses of inconvenienced commuters to provide transport by Sri Lanka Transport Board (SLTB) buses. The railway Trade Unions launched the strike over a salary issue on Wednesday (8) was called off today following a discussion with President Maithripala Sirisena. However, the damage caused to the railway stations’ including Colombo Fort, by angry commuters was yet to be calculated.",132,0,Safety Advisory,Safety Advisory (Non-Incident),1,Low,,Colombo,Colombo,6.9271,79.8612,https://www.google.com/search?q=%22Railway%20strike%3A%20Loss%20amounts%20over%20Rs.70mn.%20The%20Railways%20Depa%22%20Colombo%20Sri%20Lanka%20tourist%20safety&btnI=1,0,Tourists,2018-08-12 00:00:00,HIGH
633,dataset_csv,Curated Safety Dataset (CSV),0.7,Tier-1 Curated,"Gold jewellery and cash of Satischandra’s family stolen. Gold jewellery and cash worth nearly Rs. 189,000 had been stole","Gold jewellery and cash of Satischandra’s family stolen. Gold jewellery and cash worth nearly Rs. 189,000 had been stolen from the family of veteran actor Satischandra Edirisinghe at a hotel in Ella, Badulla during the weekend, while the family was engaging a trip. The Police said the family members of the Mr Edirisinghe had been in the Ella area from January 17 for a visit. They are reported to have booked four rooms at a hotel on the Ella- Wellawaya Road. According to the Police, they had visited the Ella area on Friday and returned to their hotel at around 9.20 p.m. The son of Satischandra Edirisinghe had lodged a complaint with the Ella Police the following day claiming that a gold chain and a pendant worth Rs. 130,000 had been stolen from his wife’s handbag. Rs. 59,000 in cash belonging to him, his wife and his brother-in-law, had also been stolen from their rooms, according to the Police. The Police said that they suspected that the thief might have entered the room through a window as they found one of the windows opened.",193,1,Gem Scam,Gem / Jewellery Scam,2,Moderate,,Ella,Nuwara Eliya,6.8667,81.05,https://www.google.com/search?q=%22Gold%20jewellery%20and%20cash%20of%20Satischandra%E2%80%99s%20family%20stolen.%20Gol%22%20Ella%20Sri%20Lanka%20tourist%20safety&btnI=1,0,Tourists,2019-01-20 00:00:00,HIGH
637,dataset_csv,Curated Safety Dataset (CSV),0.7,Tier-1 Curated,US embassy reminds its citizens of travel warning in view of holidays in SL. The US Embassy in Colombo issuing a fresh s,"US embassy reminds its citizens of travel warning in view of holidays in SL. The US Embassy in Colombo issuing a fresh security alert on Friday, has reminded American citizens in Sri Lanka of the Level-2 travel advisory that was issued after the Easter Sunday attacks, in view of the upcoming holidays in Sri Lanka. “Terrorists may attack with little or no warning, targeting tourist locations etc…” the latest travel advisory said. “In acknowledgment of upcoming holidays, the U.S. Embassy reminds American citizens of the current Level 2 Travel Advisory (Exercise Increased Caution). Terrorists may attack with little or no warning, targeting tourist locations, transportation hubs, markets, shopping malls, government facilities, hotels, clubs, restaurants, places of worship, parks, major sporting and cultural events, educational institutions, airports, hospitals, and other public areas,” it said. Accordingly, the embassy advices US citizens to ; – Be aware of your surroundings when traveling to tourist locations and crowded public venues. – Follow the instructions of local authorities. – Monitor local media for breaking events and adjust your plans based on new information. – Enroll in the Smart Traveler Enrollment Program (STEP) to receive Alerts and make it easier to locate you in an emergency. – Follow the Department of State on Facebook and Twitter. – Review the Crime and Safety Report for Sri Lanka. – U.S. citizens who travel abroad should always have a contingency plan for em",229,0,Travel Advisory,Safety Advisory (Non-Incident),1,Low,0.0,Colombo,Colombo,6.9271,79.8612,https://www.google.com/search?q=%22US%20embassy%20reminds%20its%20citizens%20of%20travel%20warning%20in%20view%20of%22%20Colombo%20Sri%20Lanka%20tourist%20safety&btnI=1,0,Tourists,2019-08-04 00:00:00,HIGH
641,dataset_csv,Curated Safety Dataset (CSV),0.7,Tier-1 Curated,"US citizens travelling in SL, Maldives advised to return. The US State Department has advised US citizens travelling in","US citizens travelling in SL, Maldives advised to return. The US State Department has advised US citizens travelling in Sri Lanka and Maldives should return to the United States immediately, due to the global impact of COVID-19 and also the travel advisory remains at level 4. “The safety & security of #US citizens is our top priority. The travel advisory remains at level 4. If you’re an #American traveling in #Maldives or #SriLanka & live in the US, you should return home now,” the US Embassy in Colombo tweeted on Sunday (22). The U.S. State Department has raised its travel advisory worldwide to Level 4: Do Not Travel — the highest level, due to the global impact of the COVID-19 pandemic. Last week the U.S. raised the advisory globally to Level 3: Reconsider Travel. The Level 4 advisory instructs U.S. citizens not to travel abroad and requires that Americans who are overseas return to the U.S. or shelter in place. Per the government’s updated statement: “The Department of State advises U.S. citizens to avoid all international travel due to the global impact of COVID-19. In countries where commercial departure options remain available, U.S. citizens who live in the United States should arrange for immediate return to the United States, unless they are prepared to remain abroad for an indefinite period. U.S. citizens who live abroad should avoid all international travel. Many countries are experiencing COVID-19 outbreaks and implementing travel restrictions and mandatory quaran",253,0,Travel Advisory,Safety Advisory (Non-Incident),1,Low,0.0,Colombo,Colombo,6.9271,79.8612,https://www.google.com/search?q=%22US%20citizens%20travelling%20in%20SL%2C%20Maldives%20advised%20to%20return.%20Th%22%20Colombo%20Sri%20Lanka%20tourist%20safety&btnI=1,0,Tourists,2020-03-22 00:00:00,HIGH
642,dataset_csv,Curated Safety Dataset (CSV),0.7,Tier-1 Curated,Security beefed up at Immigration Detention Camp in Mirihana. Security has been beefed up at the Immigration and Emigrat,"Security beefed up at Immigration Detention Camp in Mirihana. Security has been beefed up at the Immigration and Emigration Department Detention Centre to keep a close tab on its foreign detainees and their carefree movements following the sudden emergence of a local Covid-19 patient from the community in Divulapitiya yesterday. A senior Immigration official told the Daily Mirror presently 107 foreigners including ten females are being detained at the centre in Mirihana and their condition was found to be negative of Covid-19 as of yesterday. This detention centre is located within the Mirihana Divisional Headquarters Police Station and apart from the usual guard on the premises, the security has been beefed up with the assistance of the Civil Defence Force personnel. The official said an emergency medical camp was held in the centre recently when a Nigerian male illegal immigrant was detected with fever like symptoms and respiratory issues. Specialists from the Colombo South Teaching Hospital in Kalubowila conducted the medical camp with the premises and checked all detainees with PCR tests to find they were negative of Covid-19. However, the sick Nigerian was found to be suffering from Tuberculosis and had been given proper treatment. Since these foreigners are detained indefinitely until they get their return airfare or tickets ready to be deported to their respective countries, the usual practice was to let them move about in and out of the premises to fetch their daily n",241,0,Safety Advisory,Safety Advisory (Non-Incident),1,Low,,Colombo,Colombo,6.9271,79.8612,https://www.google.com/search?q=%22Security%20beefed%20up%20at%20Immigration%20Detention%20Camp%20in%20Mirihana%22%20Colombo%20Sri%20Lanka%20tourist%20safety&btnI=1,0,Tourists,2020-10-05 00:00:00,HIGH
643,dataset_csv,Curated Safety Dataset (CSV),0.7,Tier-1 Curated,Some TV programmes depict Christmas being celebrated with guests who are improperly dressed. While raising concerns over,"Some TV programmes depict Christmas being celebrated with guests who are improperly dressed. While raising concerns over certain Christmas programmes broadcast on several television channels over the past few years, the Cardinal Archbishop of Colombo Malcolm Cardinal Ranjith said that certain such programmes celebrated Christmas where the people in it weren't even dressed properly. 'Certain media programmes celebrated Christmas where the people in it weren't even dressed properly. Don't do this. Christmas isn't about a jolly celebration. It is a spiritual and religious moment. We are against such moves to make use of the ideal meaning of Christmas for other purposes,” the Cardinal stressed. He requested media institutions to refrain from broadcasting programmes which taint the true meaning of Christmas. He expressed these views while addressing a news briefing yesterday. “Therefore, we implore the media to stop misleading the next generation,” he said. The Archbishop also requested both government and private celebrations of Christmas, including decor and parties to be halted, and instead to use funds allocated for these events to serve the needy people of Sri Lanka. He also requested the people to avoid celebratory gatherings and travelling during the festive period.",197,0,Safety Advisory,Safety Advisory (Non-Incident),1,Low,,Colombo,Colombo,6.9271,79.8612,https://www.google.com/search?q=%22Some%20TV%20programmes%20depict%20Christmas%20being%20celebrated%20with%20gu%22%20Colombo%20Sri%20Lanka%20tourist%20safety&btnI=1,0,Tourists,2020-12-18 00:00:00,HIGH
644,dataset_csv,Curated Safety Dataset (CSV),0.7,Tier-1 Curated,PHI union wants travel restrictions. The Public Health Inspector’s Union of Sri Lanka urged the Government and relevant,"PHI union wants travel restrictions. The Public Health Inspector’s Union of Sri Lanka urged the Government and relevant authorities that travel restrictions be imposed to prevent people from crossing provincial borders during the festive season as the high number of Covid-19 cases reported in the Western Province. The Union’s Chairman Upul Rohana said that Covid patients were increasing in the community at an unprecedented level.he said a large number of patients continue to be reported from the Colombo Municipal Council area in the Colombo District. “Similar situations are being reported in Gampaha and Kalutara districts as well,” he said. He said it was observed that three main groups have been travelling dangerously especially during the festive season. “The first group is that those residing outside the Western Province,who are working in the Province are currently on their way home. “The second group is those who come to the Western Province from rural areas to obtain goods and services. They seem to be acting in a very risky way of violating quarantine rules. “The third group is those under quarantine or in isolated areas in the Western Province.they also travel to other parts of Sri Lanka,” he said. He said there was a higher risk that the virus being spread to other parts of the country if the restrictions were not imposed in the Western Province and other risk areas.",235,0,Safety Advisory,Safety Advisory (Non-Incident),1,Low,,Colombo,Colombo,6.9271,79.8612,https://www.google.com/search?q=%22PHI%20union%20wants%20travel%20restrictions.%20The%20Public%20Health%20Inspe%22%20Colombo%20Sri%20Lanka%20tourist%20safety&btnI=1,0,Tourists,2020-12-25 00:00:00,HIGH
646,dataset_csv,Curated Safety Dataset (CSV),0.7,Tier-1 Curated,"US helps prevent drownings in Sri Lanka. The United States is helping prevent drownings in Sri Lanka, the US Embassy in","US helps prevent drownings in Sri Lanka. The United States is helping prevent drownings in Sri Lanka, the US Embassy in Colombo said in a statement today. On March 27, the Sri Lanka Life Saving (SLLS) organization held a graduation ceremony for trainees who recently completed an intensive training conducted in partnership with the United States. The Beach Bronze Medallion workshop, which provided first-responder training and education for civilians at the SLS headquarters in Mount Lavinia Beach, was part of an effort by the U.S. Embassy’s Civil Military Support Element (CMSE) to help prevent drownings in Sri Lanka. The United States provided medical training and medical first-responder materials for the free workshop, which ran from January 24 to March 27, 2021. Participants focused on physical fitness, medical first responder training, rescue swimming, warning signs/flags, and characteristics of dangerous currents. SLLS is the national body for lifesaving and water safety-related activities in Sri Lanka. 'The American people are committed to enhancing the safety of Sri Lankans - we're proud to help build water safety skills that may save the lives of so many people, including children,” said Weston Kennedy of the U.S. Embassy at the graduation ceremony. The U.S. Embassy is working to increase water safety among Sri Lankans of all ages and backgrounds. U.S. Embassy staff have also partnered with the Ministries of Health, Education, and Tourism to support the establishment of",241,0,Safety Advisory,Safety Advisory (Non-Incident),1,Low,,Colombo,Colombo,6.9271,79.8612,https://www.google.com/search?q=%22US%20helps%20prevent%20drownings%20in%20Sri%20Lanka.%20The%20United%20States%20i%22%20Colombo%20Sri%20Lanka%20tourist%20safety&btnI=1,0,Tourists,2021-03-30 00:00:00,HIGH
647,dataset_csv,Curated Safety Dataset (CSV),0.7,Tier-1 Curated,Police setting up database of three-wheelers. The Police Headquarters has taken steps to create mobile application to st,"Police setting up database of three-wheelers. The Police Headquarters has taken steps to create mobile application to store data on tuk-tuk drivers Island wide-mostly those who operate from three-wheeler parks. Senior DIG Lalith Pathinayake has initiated the programme in order to identify the driver’s details for passengers and also to Police to immediately act in the event of a crime or theft of three-wheelers. The Senior DIG said that the importance of this was that if a three-wheeler was found to be involved in a crime in any manner, the details of the three-wheeler could be obtained by the Police immediately. He said that the Police were currently collecting the data of the all the three wheelers engaged in taxi services at present. He said initially the Police commenced the programme from Kandy and expecting to launch the mobile App by the end of this month. He said that currently around 200,000 three-wheeler drivers were engage in taxi service at three wheeler parks across the country. “Steps have been taken to enter the name of the owner of the three wheeler, telephone number, chassie number and details of those currently engaged in taxi service in that application,” he said. He said that passengers who boarded the three wheelers would also be able to check the driver details by scanning a QR code sticker pasted inside the three wheeler via the mobile app.",242,1,Tuk-Tuk Scam,Tuk-Tuk / Transport Scam,2,Moderate,,Kandy,Kandy,7.2906,80.6337,https://www.google.com/search?q=%22Police%20setting%20up%20database%20of%20three-wheelers.%20The%20Police%20Hea%22%20Kandy%20Sri%20Lanka%20tourist%20safety&btnI=1,0,Tourists,2021-05-03 00:00:00,HIGH
648,dataset_csv,Curated Safety Dataset (CSV),0.7,Tier-1 Curated,US tells citizens to reconsider travel to Sri Lanka due to COVID. COLOMBO (News 1st); The United States of America has a,"US tells citizens to reconsider travel to Sri Lanka due to COVID. COLOMBO (News 1st); The United States of America has advised its citizens to reconsider travel to Sri Lanka due to COVID-19. In an updated Travel Advisory, the US State Department noted that the Centers for Disease Control and Prevention (CDC) has issued a Level 3 Travel Health Notice for Sri Lanka due to COVID-19, indicating a high level of COVID-19 in the country. ‘Your risk of contracting COVID-19 and developing severe symptoms may be lower if you are fully vaccinated with an FDA authorized vaccine. Before planning any international travel, please review the CDC’s specific recommendations for vaccinated and unvaccinated travelers.’ the statement added. Visit the Embassy’s COVID-19 page for more information on COVID-19 and related restrictions and conditions in Sri Lanka.",142,0,Travel Advisory,Safety Advisory (Non-Incident),1,Low,0.0,Colombo,Colombo,6.9271,79.8612,https://www.google.com/search?q=%22US%20tells%20citizens%20to%20reconsider%20travel%20to%20Sri%20Lanka%20due%20to%20C%22%20Colombo%20Sri%20Lanka%20tourist%20safety&btnI=1,0,Tourists,2021-07-07 00:00:00,HIGH
651,dataset_csv,Curated Safety Dataset (CSV),0.7,Tier-1 Curated,Stolen items recovered.... A large number of items worth more than Rs. 1.5 million that were stolen from several places,"Stolen items recovered.... A large number of items worth more than Rs. 1.5 million that were stolen from several places in Colombo were recovered by the Welikada Police. Two suspects along with a three-wheeler were also taken into custody. The raid was condcuted by a team Under the direct supervision of SSP Chandana Liyanage, ASP Malan Perera and on the instructions of the Acting OIC of the Thalangama Police, Chief Inspector Munasinghe, under the direction of the OIC of the Crime Investigation Division, Sub Inspector Dasanayake, PC (37723) Ranjith, PC (83774) Sudheera, (93838) Perera, (21805) Asanka and CPC (11812) Wathsala.",102,1,Tuk-Tuk Scam,Tuk-Tuk / Transport Scam,2,Moderate,,Colombo,Colombo,6.9271,79.8612,https://www.google.com/search?q=%22Stolen%20items%20recovered....%20A%20large%20number%20of%20items%20worth%20mor%22%20Colombo%20Sri%20Lanka%20tourist%20safety&btnI=1,0,Tourists,2021-10-11 00:00:00,HIGH
653,dataset_csv,Curated Safety Dataset (CSV),0.7,Tier-1 Curated,Analysis: India & China jockey for position at ailing Sri Lanka’s expense?. COLOMBO (News 1st) Chinese Ambassador Qi Zhe,"Analysis: India & China jockey for position at ailing Sri Lanka’s expense?. COLOMBO (News 1st) Chinese Ambassador Qi Zhenhong confirmed to News 1st that he would be travelling to the North of the island and visiting strategically important areas in a 2-day tour, starting Wednesday (15). The Embassy confirmed that the Ambassador would visit Mannar island, and Jaffna on a “familiarization tour”. His planned visit comes hot on the heels of news that India’s ‘Adani’ groups interest in renewable power projects in the same area. Mannar Island lies less than 20 KM’s from the Indian mainland. Earlier, a project for three Chinese power projects to be installed in three Northern islands sandwiched between Sri Lanka and India came to a standstill, with China announcing their withdrawal from the investment. Sri Lanka’s deteriorating relationship with China was further eroded when the island was forced to reject a stock of Carbonic Fertilizer, on account of the stock failing local testing. The huge imbroglio that ensued has now resulted in Sri Lanka agreeing to pay US$8 Million, after the Chinese company threatened international arbitration. Meanwhile India’s EXIM Bank is discussing a possible US$400+ Million support to Sri Lanka for Water-related projects, days after India pledged a US$400-Million swap and a US$1 Billion loan for food, drugs and essential items. A further US$500 Million has been reportedly pledged as Fuel credit. All of this means that Sri Lanka will have to play ball wi",252,1,General Scam,General Safety Incident,3,High,,Colombo,Colombo,6.9271,79.8612,https://www.google.com/search?q=%22Analysis%3A%20India%20%26%20China%20jockey%20for%20position%20at%20ailing%20Sri%20La%22%20Colombo%20Sri%20Lanka%20tourist%20safety&btnI=1,0,Tourists,2021-12-14 00:00:00,HIGH
655,dataset_csv,Curated Safety Dataset (CSV),0.7,Tier-1 Curated,Three Ragama medical faculty undergrads injured in assault. Three medical faculty students have been hospitalized after,Three Ragama medical faculty undergrads injured in assault. Three medical faculty students have been hospitalized after a group of outsiders have attacked the hostel of the Kelaniya University’s Faculty of Medicine in Ragama last night. Police said the injured students were admitted to the Ragama Hospital. One of the students who was in critical condition was later transferred to the Negombo Hospital. The Ragama Police are conducting further investigations,70,1,Physical Assault,Physical Assault,3,High,,Negombo,Sri Lanka,7.2081,79.8358,https://www.google.com/search?q=%22Three%20Ragama%20medical%20faculty%20undergrads%20injured%20in%20assault.%20%22%20Negombo%20Sri%20Lanka%20tourist%20safety&btnI=1,0,Tourists,2022-02-02 00:00:00,MEDIUM
658,dataset_csv,Curated Safety Dataset (CSV),0.7,Tier-1 Curated,Mobile patrols inside Yala to prevent skirmishes with wild elephants. COLOMBO (News 1st); Sri Lanka’s Department of Wild,"Mobile patrols inside Yala to prevent skirmishes with wild elephants. COLOMBO (News 1st); Sri Lanka’s Department of Wildlife has deployed two mobile patrols to take measures to prevent wild elephants from attacking safari jeeps inside the Yala National Park. The Department of Wildlife said that over the recent days several safari jeeps were attacked by the majestic tuskers knowns as Gamunu and Nandimitra. These two tuskers had reportedly attacked two safari jeeps on Friday and another Safari Jeep was attacked by a different tusker as well. The Department of Wildlife noted that safari jeep drivers were made aware of the situation. A Safari Jeep was crushed inside the Yala National Park on Wednesday (9) following an unexpected skirmish with the majestic tusker, Nandimitra. The jeep was carrying four French nationals and came under attack from Nandimitra at around 10:30 AM on Wednesday (9). According to reports, another Safari Jeep had tipped the driver of the ill-fated jeep that the tusker was roaming in the Welmalkema area, and thus the jeep with the four French tourists had proceeded to that area. Upon reaching the location the Safari Jeep had come face to face with the tusker along a narrow road, and due to this reason, the driver had not been able to turn back. The Officer in charge of the Yala National Park Manoj Vidyaratne told News 1st that such events can be prevented if tourists and jeep drivers visit the park and enjoy its beauty WITHOUT disturbing the wildlife. Simil",253,0,Accident / Hazard,Accident / Hazard,2,Moderate,,Colombo,Colombo,6.9271,79.8612,https://www.google.com/search?q=%22Mobile%20patrols%20inside%20Yala%20to%20prevent%20skirmishes%20with%20wild%20e%22%20Colombo%20Sri%20Lanka%20tourist%20safety&btnI=1,0,Tourists,2022-02-13 00:00:00,HIGH
659,dataset_csv,Curated Safety Dataset (CSV),0.7,Tier-1 Curated,"Russian tourist’s stolen laptop recovered in Sea Street. A laptop belonging to a Russian tourist, which was stolen at th","Russian tourist’s stolen laptop recovered in Sea Street. A laptop belonging to a Russian tourist, which was stolen at the Fort Railway Station was recovered and handed back to her by the officers of the Fort Railway Station recently. A Russian lady had complained that her laptop was stolen while she was waiting for the Rajarata Rejina train at the Fort Railway Station on February 27. Railway officials at the Fort Railway Station headed by Station Master Pradeep Jayasuriya had managed to trace the laptop by using a mobile phone App and recovered it at a jewelry shop at Sea street in Colombo. Police are conducting investigations to arrest the suspect who stole the laptop.",116,1,Gem Scam,Gem / Jewellery Scam,2,Moderate,,Colombo,Colombo,6.9271,79.8612,https://www.google.com/search?q=%22Russian%20tourist%E2%80%99s%20stolen%20laptop%20recovered%20in%20Sea%20Street.%20A%20l%22%20Colombo%20Sri%20Lanka%20tourist%20safety&btnI=1,0,Tourists,2022-03-03 00:00:00,HIGH
660,dataset_csv,Curated Safety Dataset (CSV),0.7,Tier-1 Curated,Shots Fired in Ratmalana : Suspect Hospitalized. COLOMBO (News 1st); Shots were fired during an attempted robbery at a r,"Shots Fired in Ratmalana : Suspect Hospitalized. COLOMBO (News 1st); Shots were fired during an attempted robbery at a restaurant in Ratmalana on Monday (21) night, said Sri Lanka Police. Police officers had opened fire when the suspect had attempted to attack them. The suspect had arrived in a Motorcycle with a machete had attempted to rob the restaurant in the Ratmalana area. Police Spokesperson, SSP Nihal Thalduwa said the restaurant staff had attacked the suspect and snatched his machete. Thereafter, the suspect had fled the scene in a three-wheeler by threatening the driver with a knife. SSP Nihal Thalduwa said two Police officers had chased after the suspect on a motorcycle adding that Police opened fire when the suspect attempted to block other vehicles and attack the police officers. The suspect was hospitalized thereafter.",135,1,Tuk-Tuk Scam,Tuk-Tuk / Transport Scam,3,High,,Colombo,Colombo,6.9271,79.8612,https://www.google.com/search?q=%22Shots%20Fired%20in%20Ratmalana%20%3A%20Suspect%20Hospitalized.%20COLOMBO%20%28Ne%22%20Colombo%20Sri%20Lanka%20tourist%20safety&btnI=1,0,Tourists,2022-03-21 00:00:00,HIGH
661,dataset_csv,Curated Safety Dataset (CSV),0.7,Tier-1 Curated,Do not bathe or swim at unsafe places- Police cautions public. COLOMBO (News 1st); Police have urged the people to avoid,"Do not bathe or swim at unsafe places- Police cautions public. COLOMBO (News 1st); Police have urged the people to avoid bathing or swimming at unsafe places during pilgrimages and excursions during the long holidays. The Police Media Spokesperson, SSP Nihal Thalduwa also cautioned parents to remain vigilant with children while bathing. Meanwhile, a person who went to bathe in a waterfall in the Udugamkanda area in Padukka has drowned, with the deceased being identified as a 54 year old resident of Bope. The body has been placed at the Padukka Hospital, Police said. Two young men too, died after drowning yesterday (11).",103,0,Safety Advisory,Safety Advisory (Non-Incident),1,Low,,Colombo,Colombo,6.9271,79.8612,https://www.google.com/search?q=%22Do%20not%20bathe%20or%20swim%20at%20unsafe%20places-%20Police%20cautions%20publi%22%20Colombo%20Sri%20Lanka%20tourist%20safety&btnI=1,0,Tourists,2022-06-12 00:00:00,HIGH
662,google_news,Google News RSS,0.55,Tier-2 Aggregator,Israeli tourist injured in Arugam Bay robbery - Tamil Guardian. Israeli tourist injured in Arugam Bay robbery Tamil Guar,Israeli tourist injured in Arugam Bay robbery - Tamil Guardian. Israeli tourist injured in Arugam Bay robbery Tamil Guardian,18,1,Theft / Robbery,Theft / Robbery,2,Moderate,,Arugam Bay,Monaragala,6.8399,81.8325,https://www.google.com/search?q=%22Israeli%20tourist%20injured%20in%20Arugam%20Bay%20robbery%20-%20Tamil%20Guardi%22%20Arugam%20Bay%20Sri%20Lanka%20tourist%20safety&btnI=1,0,Tourists,2026-05-11 00:00:00,MEDIUM
663,google_news,Google News RSS,0.55,Tier-2 Aggregator,Sri Lanka Latest Breaking News and Headlines - Print Edition Beware of tuk tuk scammers in Colombo! - Daily Mirror - Sri,Sri Lanka Latest Breaking News and Headlines - Print Edition Beware of tuk tuk scammers in Colombo! - Daily Mirror - Sri Lanka. Sri Lanka Latest Breaking News and Headlines - Print Edition Beware of tuk tuk scammers in Colombo! Daily Mirror - Sri Lanka,40,1,Tuk-Tuk Scam,Tuk-Tuk / Transport Scam,2,Moderate,,Colombo,Colombo,6.9271,79.8612,https://www.google.com/search?q=%22Sri%20Lanka%20Latest%20Breaking%20News%20and%20Headlines%20-%20Print%20Edition%22%20Colombo%20Sri%20Lanka%20tourist%20safety&btnI=1,0,Tourists,2026-05-11 00:00:00,MEDIUM
664,dataset_csv,Curated Safety Dataset (CSV),0.7,Tier-1 Curated,Israeli tourist injured after leaping to escape tuk-tuk robbery in Sri Lanka - ynetnews. Israeli tourist injured after l,Israeli tourist injured after leaping to escape tuk-tuk robbery in Sri Lanka - ynetnews. Israeli tourist injured after leaping to escape tuk-tuk robbery in Sri Lanka ynetnews,28,1,Tuk-Tuk Scam,Tuk-Tuk / Transport Scam,2,Moderate,,Sri Lanka,Matale,7.8731,80.7718,https://www.google.com/search?q=%22Israeli%20tourist%20injured%20after%20leaping%20to%20escape%20tuk-tuk%20robb%22%20Sri%20Lanka%20Sri%20Lanka%20tourist%20safety&btnI=1,0,Tourists,2026-05-11 00:00:00,MEDIUM
665,dataset_csv,Curated Safety Dataset (CSV),0.7,Tier-1 Curated,Video of tourist sexually harassed by local man goes viral - Daily Mirror - Sri Lanka. Video of tourist sexually harasse,Video of tourist sexually harassed by local man goes viral - Daily Mirror - Sri Lanka. Video of tourist sexually harassed by local man goes viral Daily Mirror - Sri Lanka,28,1,Harassment,Harassment / Assault,2,Moderate,,Sri Lanka,Matale,7.8731,80.7718,https://www.google.com/search?q=%22Video%20of%20tourist%20sexually%20harassed%20by%20local%20man%20goes%20viral%20-%22%20Sri%20Lanka%20Sri%20Lanka%20tourist%20safety&btnI=1,0,Tourists,2026-05-11 00:00:00,MEDIUM
666,google_news,Google News RSS,0.55,Tier-2 Aggregator,Beware of tuk tuk scammers in Colombo! - Daily Mirror - Sri Lanka. Beware of tuk tuk scammers in Colombo! Daily Mirror -,Beware of tuk tuk scammers in Colombo! - Daily Mirror - Sri Lanka. Beware of tuk tuk scammers in Colombo! Daily Mirror - Sri Lanka,22,1,Tuk-Tuk Scam,Tuk-Tuk / Transport Scam,2,Moderate,,Colombo,Colombo,6.9271,79.8612,https://www.google.com/search?q=%22Beware%20of%20tuk%20tuk%20scammers%20in%20Colombo%21%20-%20Daily%20Mirror%20-%20Sri%20%22%20Colombo%20Sri%20Lanka%20tourist%20safety&btnI=1,0,Tourists,2026-05-11 00:00:00,MEDIUM
667,google_news,Google News RSS,0.55,Tier-2 Aggregator,Dutch Tourist Robbed in Colombo | Employee Confesses to Theft - Newsfirst.. Dutch Tourist Robbed in Colombo | Employee C,Dutch Tourist Robbed in Colombo | Employee Confesses to Theft - Newsfirst.. Dutch Tourist Robbed in Colombo | Employee Confesses to Theft Newsfirst.,20,1,Theft / Robbery,Theft / Robbery,3,High,,Colombo,Colombo,6.9271,79.8612,https://www.google.com/search?q=%22Dutch%20Tourist%20Robbed%20in%20Colombo%20%7C%20Employee%20Confesses%20to%20Thef%22%20Colombo%20Sri%20Lanka%20tourist%20safety&btnI=1,0,Tourists,2026-05-11 00:00:00,MEDIUM
668,google_news,Google News RSS,0.55,Tier-2 Aggregator,"Drunk Sri Lankan police assault tourists in Jaffna, three hospitalised - Tamil Guardian. Drunk Sri Lankan police assault","Drunk Sri Lankan police assault tourists in Jaffna, three hospitalised - Tamil Guardian. Drunk Sri Lankan police assault tourists in Jaffna, three hospitalised Tamil Guardian",24,1,Physical Assault,Physical Assault,3,High,,Jaffna,Jaffna,9.6615,80.0255,https://www.google.com/search?q=%22Drunk%20Sri%20Lankan%20police%20assault%20tourists%20in%20Jaffna%2C%20three%20ho%22%20Jaffna%20Sri%20Lanka%20tourist%20safety&btnI=1,0,Tourists,2026-05-28 00:00:00,MEDIUM
669,google_news,Google News RSS,0.55,Tier-2 Aggregator,Australian tourist’s stolen bag recovered as police make swift arrest in Unawatuna - Newswire. Australian tourist’s stol,Australian tourist’s stolen bag recovered as police make swift arrest in Unawatuna - Newswire. Australian tourist’s stolen bag recovered as police make swift arrest in Unawatuna Newswire,28,1,Theft / Robbery,Theft / Robbery,2,Moderate,,Unawatuna,Galle,5.9997,80.2489,https://www.google.com/search?q=%22Australian%20tourist%E2%80%99s%20stolen%20bag%20recovered%20as%20police%20make%20swi%22%20Unawatuna%20Sri%20Lanka%20tourist%20safety&btnI=1,0,Tourists,2026-06-07 00:00:00,MEDIUM
670,tripadvisor_csv,TripAdvisor Reviews,0.55,Tier-2 Community,Beware of sexual assaults by locals,"My partner and I have visited Arugam Bay in Sri Lanka a few times as he is a surfer. We found the town very commercial, very catered for tourists - which is fine. There are some lovely restaurants with great local food dishes and some really nice (basic) rooms. Many facilities here are overpriced because of this being a tourist hotspot, but that is to be expected.

Tuk Tuk drivers can be very full on - and annoying - when they dont take no for an answer and they overcharge horrendously. Most places are in walking distance so dont give in to the pressure unless you need to go out of town. Its cheaper to hire a bike or moped for those journeys.

What is truly awful, however, is I was groped on the main part of the beach by some young local lads. They came over, looking like they want to shake hands and welcome us. One shook my hand and then grabbed my chest, before laughing and walking away. It was disgusting, I was shocked and distressed and didnt know what to do. They were old enough to know better and at the end of the day, they just freely sexually assaulted someone in broad daylight!

I was already feeling uncomfortable as the men tend to leer and watch tourist women very closely - and Im not meaning when theyre in bikinis or swimwear. Just generally. So this is a warning to girls and women - please take care, avoid being out alone and especially walking on the beach or when its dark. It really isnt a pleasant experience and is treated as a joke by the men doing this.",285,1,Tuk-Tuk Scam,Tuk-Tuk / Transport Scam,3,High,,"Arugam Bay, Ampara",Monaragala,6.8401,81.8303,https://www.google.com/search?q=site%3Atripadvisor.com%20%22Beware%20of%20sexual%20assaults%20by%20locals%22&btnI=1,9,Tourists,2018-09-01 00:00:00,HIGH
672,tripadvisor_csv,TripAdvisor Reviews,0.55,Tier-2 Community,Best place to relax and party sri lanka,"I read the negative reviews first prior to visiting Arugam Bay and felt I shouls address these points first. 

If you rent a board do it via your hotel....I would recommend the Spice Trail. This way you avoid any shady damage coning! 

If you are going to be in the sea you may cut yourself. If this happens near corral or rocks they contain a fungi that wants to grow in your skin. Take antiseptic with you amd be prepared to propeely clean out the wond it will hurt but it wont get infected. Or alternatively use a lime like in Barley!

This for us after visiting 10 locations in Sri Lanka was the safest place to go out at night allowing visitors to sample the amazing street food and get a taste of real Sri Lankan cusiene! 

The surf is good!

Yes the beer is slightly more expensive anf the tuk tuks are more costly!

They are indeed on the weed sale, so if this floats your boat treat yourself if not they are not in your face which is great!

Visit here if you go to sri lanka!",191,0,Safety Advisory,Safety Advisory (Non-Incident),1,Low,,"Arugam Bay, Ampara",Monaragala,6.8401,81.8303,https://www.google.com/search?q=site%3Atripadvisor.com%20%22Best%20place%20to%20relax%20and%20party%20sri%20lanka%22&btnI=1,4,Tourists,2017-09-01 00:00:00,HIGH
673,tripadvisor_csv,TripAdvisor Reviews,0.55,Tier-2 Community,"Surf is epic, place is too busy...","The wave at main point on its day is truly world class and so easy to surf! If you can get one ...the wave is incredibly busy due to its ease of paddling out and take off. Meaning you will be dodging first day beginners trying to take off on overhead sets, can get pretty dangerous we saw lots of injuries and terrible tropical infections from the dirty water, had to have a few days out of the water on antibiotics myself for a small scratch that turned into a bad infection a week later. So definitely clean your cuts out everyday until fully healed! 

The town itself was pretty busy and akin to other westernised Asian countries, bars blaring out loud music till all hours of the morning on the weekends. We had a car so stayed a few miles out of town for most of the trip in Papermoon which was very nice and also staying on the point at Upalis was an awesome experience! Also there are some great restaurants in Arugam Hideaway and thaththas roti shop were by far the highlights! 

The local wildlife is incredible drive a km out of town at sunrise and sunset and you will see dozens of elephants crocodiles and amazing bird life! Lagoon Safari is a must!

Overall we had a great time as the waves were consistently amazing every morning! But Arugam itself left a lot to be desired and is definitely one for the backpackers and party goers.",250,0,Safety Advisory,Safety Advisory (Non-Incident),1,Low,,"Arugam Bay, Ampara",Monaragala,6.8401,81.8303,https://www.google.com/search?q=site%3Atripadvisor.com%20%22Surf%20is%20epic%2C%20place%20is%20too%20busy...%22&btnI=1,2,Tourists,2016-09-01 00:00:00,HIGH
674,tripadvisor_csv,TripAdvisor Reviews,0.55,Tier-2 Community,Very unspoilt place (so far),"Arugambe is still one of those places where mass tourism hasn't spoilt the charm.  Big hotels are on the way however but it still a good place to chill in the waves and watch the fishermen in the estuary.  I gotta say that the mangrove trip is a bit of a rip off. Far better to take an autorickshaw 10k north of Pottuvil where you can ask the local boatman to punt you round the mangrove.  beware, the sun is fierce.",82,1,Overcharging,Overcharging,2,Moderate,,"Arugam Bay, Ampara",Monaragala,6.8401,81.8303,https://www.google.com/search?q=site%3Atripadvisor.com%20%22Very%20unspoilt%20place%20%28so%20far%29%22&btnI=1,3,Tourists,2015-03-01 00:00:00,HIGH
675,tripadvisor_csv,TripAdvisor Reviews,0.55,Tier-2 Community,We love Arugam Bay,"This was my third time in A Bay and my husband's fourth stay.  We go for the surfing and laid back lifestyle, we always enjoy ourselves and stay at the Danish Villa.  There are some things that continue to disturb me about this sleepy surfing town.  One main thing is that single girls are not safe here by themselves despite a military and heavy police presence which seems to dominate more each year we come.  The tuk tuk drivers are lame and will offer you drugs despite most of them being part of the muslim faith and they dominate the taxi services and stop other cheap options and information about those options.  We again were scammed by taxi drivers coming from the airport to Colombo and endured a terrifying overland trip to A bay with very bad driving and no seats belts.  When leaving we had a trusted local man buy us bus tickets and get us a tuk tuk for 3 people for $11 to Akkaraipattu bus stand, nearly an hour north of A bay on a quiet and enjoyable road and caught a first class air conditioned overnight coach with room for surfboards to Colombo, it gets in about 5 am and there is little traffic in Colombo then, which is good as it is a hectic place - you wont see any advertising about this bus service.  When we were in Sri Lanka we hired a scooter from a guy up near Why Not restaurant and for $10 a day and then it got heaps cheaper each day we had it and it was fun scootering around and checking out locals towns and sights nearby, be careful about riding later in the afternoon though as the wild elephants are around.  Sri Lanka is a beautiful country to explore, hope you go and enjoy!!",306,1,Tuk-Tuk Scam,Tuk-Tuk / Transport Scam,2,Moderate,,"Arugam Bay, Ampara",Monaragala,6.8401,81.8303,https://www.google.com/search?q=site%3Atripadvisor.com%20%22We%20love%20Arugam%20Bay%22&btnI=1,3,Tourists,2013-07-01 00:00:00,HIGH
676,tripadvisor_csv,TripAdvisor Reviews,0.55,Tier-2 Community,Hideaway in Arugam bay,"I travelled from Colombo - Negombo - Kandy - Nuwara Eliya - Horton Plains - Arugam Bay(stopping in Ella for the fantastic view!) - Galle - Yala National Park (Overnight safari) - Galle - Colombo in 16 days. (I spent one whole week in Galle though)

Things I would HIGHLY recommend:
- Taking the train from Kandy to Nuwara Eliya - I could have stayed on it all day - the view was INCREDIBLE!
-Stopping in Ella - but you really only need a stop for lunch to appreciate the stunning views.
- Staying at 'Hideaway' in Arugam Bay. BY FAR the best place I stayed on this trip (apart from my friend's Villa in Galle - but unless we have the same friend you won't find anywhere more welcoming/clean/friendly and helpful as this place. On a travellers budget, of course. Although saying that I did stay in some high end hotels and I still would put 'Hideaway' up there!)  We had an air conditioned room, which was perfect. The staff were so very friendly (not overly so though - afterall, I am English! ;-)). The food was excellent! It is run by a Sri Lankan lady who appears to know exactly what the good things in life are. Somewhere chilled to relax, clean and with great service. I am a real foodie, so that fresh food was a real hit for me. She also gave us some excellent tips.
-Safari - we saw a leopard - I was over the moon! This however can be really hit and miss.

I drew on quite a lot of reviews before I went travelling so wanted to provide something vaguely useful too.

If I were to do this trip again I would probably miss out Negombo and spend a bit more time in the Hill Country. I enjoy a good view and a nice beach and this holiday had exactly that.

In a bid to manage your expectations however be ware that Sri Lanka is not easy to travel around. The best way is to hire a driver. But you do need to haggle. This is an expensive way to travel, and often hair-raising - apparently the best time to over take on the road in Sri Lanka is on a corner!!

Try:
Hoppers
String Hoppers
anything coconut related
all curries
Fruit on the train

Beware:
Street food (just take extra precaution)

Enjoy!",387,0,Safety Advisory,Safety Advisory (Non-Incident),1,Low,,"Arugam Bay, Ampara",Monaragala,6.8401,81.8303,https://www.google.com/search?q=site%3Atripadvisor.com%20%22Hideaway%20in%20Arugam%20bay%22&btnI=1,12,Tourists,2012-06-01 00:00:00,HIGH
677,tripadvisor_csv,TripAdvisor Reviews,0.55,Tier-2 Community,Hands down the worlds worst surf location,"If you like over crowded breaks, local surfers who have no concept of surf culture or etiquette, learners with Mini-Mals sitting at the peak bailing their boards, reef cuts that get infected from disgusting bacteria ridden water and the fattest laziest wave you'll ever surf, then Arugam Bay may just be the spot for you.

On my first night arriving at my hotel I was offered Marijuana and Cocaine and if that was not enough of a shock, the all night parties on the beach with thumping dance music that goes on until 7am in the morning (despite only a few locals remaining) sure did the trick. 

Its hard to find anything good to say about Arugam Bay, other than that the food is cheap and there are some genuinely nice locals (those that don't surf or operate in the local Tuk Tuk mafia). 

Take my advice if you have any sense between your ears, take your hard earned money and spend it on another country and go somewhere decent, this place is overrated and a complete crap hole to surf.",184,0,Safety Advisory,Safety Advisory (Non-Incident),1,Low,,"Arugam Bay, Ampara",Monaragala,6.8401,81.8303,https://www.google.com/search?q=site%3Atripadvisor.com%20%22Hands%20down%20the%20worlds%20worst%20surf%20location%22&btnI=1,13,Tourists,2016-06-01 00:00:00,HIGH
678,tripadvisor_csv,TripAdvisor Reviews,0.55,Tier-2 Community,Its a dump,"Hikkaduwa is a dump. Before you say it we were here in the off season yes. But if you believe they clean this place up before the on season you are dreaming. 

There are terrible things going on at the beach besides the rubbish you have locals feeding turtles, making them do very unnatural things and then they end up following other people thinking they are going to get food.  

Avoid this place it is not worth your time, effort or to take away a part of your holiday you other wise would of enjoyed.",95,1,General Scam,General Safety Incident,2,Moderate,,"Hikkaduwa Beach, Galle",Galle,6.1392,80.1008,https://www.google.com/search?q=site%3Atripadvisor.com%20%22It%C2%92s%20a%20dump%22&btnI=1,2,Tourists,2019-09-01 00:00:00,MEDIUM
679,tripadvisor_csv,TripAdvisor Reviews,0.55,Tier-2 Community,Terrible place,"Tourism at its worst. Overcrowded, overpriced, no local atmosphere left. 

I hope what happened to Hikkaduwa doesnt happen to other places weve visited and loved during our time in Sri Lanka.",33,0,Safety Advisory,Safety Advisory (Non-Incident),1,Low,,"Hikkaduwa Beach, Galle",Galle,6.1392,80.1008,https://www.google.com/search?q=site%3Atripadvisor.com%20%22Terrible%20place%22&btnI=1,4,Tourists,2018-12-01 00:00:00,MEDIUM
680,tripadvisor_csv,TripAdvisor Reviews,0.55,Tier-2 Community,Crashing waves,"We visited here quite a number of times during our week long stay In Hikkaduwa. Whilst is very beautiful, there is a VERY strong current so beware if you are planning a swim in the water. There were lots of people in the water but it frightened me and I never went out of my depth. There were quite a few surfers and lots of places where you could hire snorkels, a boat trip, scuba lessons, etc. There were also a lot of people selling coconuts, pineapples and items of clothing. If you show the slightest interest in the clothing the ladies are very difficult to say no to if you dont agree on a price. I witnessed this with a chap who wasnt happy with the price and the lady was very dogged in her attempt to make a sale. If you say no straight away, they leave you alone. There are a lot of fish very close to the waters edge and some locals feed them and you can see them almost jumping out of the water to get the food. We also saw a turtle very close to the beach and lots of tourists crowding around it and touching it - please do not touch them if you are lucky enough to see one yourselves. 
On a downside, there is a lot of litter around the beach and around Hikkaduwa in general.",236,0,Safety Advisory,Safety Advisory (Non-Incident),1,Low,,"Hikkaduwa Beach, Galle",Galle,6.1392,80.1008,https://www.google.com/search?q=site%3Atripadvisor.com%20%22Crashing%20waves%22&btnI=1,1,Tourists,2019-03-01 00:00:00,HIGH
681,tripadvisor_csv,TripAdvisor Reviews,0.55,Tier-2 Community,"Disgusting, depressing, plastic rubbish filled lake with jetskis and speed boats","Quite frankly, and utterly depressing experience given the sheer and shocking volume of plastic waste floating at every shoreline of the lake.  It is made worse by the fact that tourists actually pay to enter the park.  What do they do with the money?  They certainly don't clear up the garbage.

To add to the pollution, speed boats and jetskis tear up and down the small lake continually. Why anyone would want to take a pleasure cruise in this water is beyond me.

Sri Lankan people are in general the friendliest and most generous people you could wish to meet. However, the plastic is becoming a national shame. As a visitor to the country, touring around for six months, the rubbish/garbage/litter in every river, stream and beach is a disgrace. I went for a sea swim and collected 25 plastic bags in 10 minutes.",147,0,Safety Advisory,Safety Advisory (Non-Incident),1,Low,,"Gregory Lake, Nuwara Eliya",Nuwara Eliya,6.9497,80.7891,https://www.google.com/search?q=site%3Atripadvisor.com%20%22Disgusting%2C%20depressing%2C%20plastic%20rubbish%20filled%20lake%20with%20jetskis%20and%20s%22&btnI=1,0,Tourists,2022-01-01 00:00:00,HIGH
682,tripadvisor_csv,TripAdvisor Reviews,0.55,Tier-2 Community,"Interesting and enjoyable, but feel sorry for the workers","You can't visit Sri Lanka without going to see a Tea Plantation, right ?!

So we were really pleased that our trip included a stop over here. Obviously there are lots of tea factories all over Sri Lanka, and we only visited this one, so cannot compare to any others, but I assume they are all very similar.

The tour takes you round the tea processing factory, as they explain the various stages of processing and different types of tea, and includes a cup of tea afterwards in the nice looking restaurant.

There is also the obligatory shop to purchase the vast number of teas from, much of which seemed a little high in price considering they made it on the premises (?). The teas in the fancy packaging seemed quite expensive and we felt it was a bit of a tourist rip-off, so we bought some of the cheaper variety to take home as a souvenir !

The whole thing took approximately one hour, which is just about right.

I was a bit disappointed that this  didn't  include a tour of the actual tea fields which surround and rise up into the hills around the tea factory.

However....  If you ask nicely then the tour guide will let you take a sneaky detour round the back into the plantation fields, where you can take photos of the tea and also some of the tea pickers - who will gladly pose for the photos if you give them some Sri Lanken Rupees (LRK) tips !

Whilst we enjoyed the experience, we felt saddened and astonished when we saw and found out about the quality of life and working conditions the workers were still enduring in the 21st Century.

None of them seemed to have any protective equipment, ear defenders, goggles, hard hats... despite working around noisy, fast moving and potentially dangerous looking machinery. Many of them were not even wearing shoes !!!!

Apparently the tea pickers earn something like just 500 rupees, which is just over £2, per day. And in return for this, they get very hard and rough skin on their hands from picking the leaves all day. Not the best life to live, is it ?!

So if you visit here and they do pose for photos, please be generous and give them a tip !  If just 2 tourists give them just  £1  tip for some photos, then that doubles their daily wage !",402,1,General Scam,General Safety Incident,3,High,,"Bluefield Tea Gardens, Nuwara Eliya",Nuwara Eliya,6.9497,80.7891,https://www.google.com/search?q=site%3Atripadvisor.com%20%22Interesting%20and%20enjoyable%2C%20but%20feel%20sorry%20for%20the%20workers%22&btnI=1,3,Tourists,2018-05-01 00:00:00,HIGH
683,tripadvisor_csv,TripAdvisor Reviews,0.55,Tier-2 Community,Disgusting,"We were charged 500 rupees per person entrance and told to join a group that was already in progress. The guide was unhelpful, unfriendly and raced us around the tour and at the end tried to sell us overpriced tea without even the chance to sample the teas on offer. The workers having appalling dirty and unsafe working conditions and are paid substance wages with no pensions or sick leave. A total disgrace. We have visited many tea factories in Sri Lanka over the years and this one is by far the worst. They do not want visitors only your money. If this tea factory were the only one a tourist visited they would get a totally false impression  of the beautiful land that is Sri Lanka",127,0,Safety Advisory,Safety Advisory (Non-Incident),1,Low,,"Dambatenne Tea Factory, Badulla",Nuwara Eliya,6.7672,80.9595,https://www.google.com/search?q=site%3Atripadvisor.com%20%22Disgusting%22&btnI=1,0,Tourists,2018-02-01 00:00:00,HIGH
684,tripadvisor_csv,TripAdvisor Reviews,0.55,Tier-2 Community,Amazing step back in time,"For 250 rupees you get a quick 20-30 minutes tour of the factory, seeing how fresh tea leaves are converted to tea. 
* Avoid Mondays and Sundays when there is no production. 
* You get to touch and smell the tea in its various stages. 
* You can't take photos inside the factory
* I didn't have to wear a protective coat (they were available though, but I didn't think anyone would need them)
* There is no tea tasting. 
* I got the tour straight away when I arrived (I hadn't booked). If someone is getting a tour when you arrive, you'll have to wait for the guide to finish that tour before it is your turn (which shouldn't be long).

Having been to beer breweries in developed countries, I expected a modern highly mechanized process, involving maybe a few operators in a control room. Instead this place looked right out of the 1890s, with people shoveling tea and antiquated machinery. To me that made this tour a real eye opener.

To get there, I took a tuk tuk arranged by my hotel in Haputale. It cost 900 rupees out and back with waiting. A local would have gotten it for less I'm sure, but who cares. Didn't go to Lipton's seat. I went 7:30am in the morning, and saw the tea pluckers walking along the road on their way to work. The tea fields are on steep hills, and you can see them go down steps to go to the fields. Note that there is no bus, tuk tuk seems to be the only option.
  
Overall an interesting insight into how those Lipton tea bags from the supermarket are really made.",288,0,Safety Advisory,Safety Advisory (Non-Incident),1,Low,,"Dambatenne Tea Factory, Badulla",Nuwara Eliya,6.7672,80.9595,https://www.google.com/search?q=site%3Atripadvisor.com%20%22Amazing%20step%20back%20in%20time%22&btnI=1,1,Tourists,2015-12-01 00:00:00,HIGH
685,tripadvisor_csv,TripAdvisor Reviews,0.55,Tier-2 Community,Who are you and where do you travel?,"I was appalled when I read these reviews on returning from Sri Lanka! We visited this factory in March 2014. We have visited tea factories before which have not been working factories or had large groups touring including coaches. The drive was amazing through tea plantations including their schools, hospitals, clincs etc which were all in better condition than when we first visited 16 years ago.
We had an individual 30 minute tour for 500/= which is less than £2.30 2.80 euros for two! There was real working factory with no tea for sale except opposite at a tea stall which sold delicious spiced tea and short eats for 60p for us and our driver. The whole trip cost less than £3 plus driver and petrol which we had paid for anyway and was one of my best experience on this visit.

Sri Lanka is still a poor but developing country. Ifyou can afford to travel to a country as beautiful as it you should be prepared to paid a reasonable price for what you do to contribute to the economy. What can you buy in your home country for this? Do you live on 500/= which what the tea pickers get?",204,0,Safety Advisory,Safety Advisory (Non-Incident),1,Low,,"Dambatenne Tea Factory, Badulla",Nuwara Eliya,6.7672,80.9595,https://www.google.com/search?q=site%3Atripadvisor.com%20%22Who%20are%20you%20and%20where%20do%20you%20travel%3F%22&btnI=1,3,Tourists,2014-03-01 00:00:00,HIGH
686,tripadvisor_csv,TripAdvisor Reviews,0.55,Tier-2 Community,Theft,"I and friends visited this tea factory as part of our Sri Lankan tour in January 2016. After sipping some teas as part of the tour, I left my iphone, without noticing it,  on the table and went on to their tea shop. Only 5 minutes later did I realize I had left my phone behind, and rushed to the tea room to get it back. Surprise: all the empty cups and my iphone had been taken away. I reported to the staff members present at the tea room and the tea shop but nothing was done. At the time I left my iphone behind, the room had no other tourists but our group. Therefore I can assume it was taken my a member of their staff. Shame! I reported to the police and my iphone was day after day located at a location near the factory, at a gas station, according to the GPS from my friends' phones. Which means it was not a tourist who stole it. Grace to the Glenloch Tea Factory my Sri Lankan tour was turned into a nightmare.",184,1,Theft / Robbery,Theft / Robbery,2,Moderate,,"Glenloch Tea Factory, Matale",Matale,7.9,80.75,https://www.google.com/search?q=site%3Atripadvisor.com%20%22Theft%22&btnI=1,0,Tourists,2016-01-01 00:00:00,HIGH
687,tripadvisor_csv,TripAdvisor Reviews,0.55,Tier-2 Community,Is this place a scam? Is it ever operational?,"We hired a tuktuk driver to take us to Uva Halpewatte tea factory about 6km from Ella. It was a tortuous steep route on poor quality roads. Upon arrival the factory looked odd; there was no tea aroma and all was quiet. We followed semi permanent signs to an upper floor where packaged tea was for sale. We were approached by a lady who stated that no production was taking place on the day. Not at all.uncommon from other reviews!!!

A noticed read that you had to pay the tour fee....even when there was no production. Again odd? She advised that the power was off and this later proved to be true in other locations.

Expensive tea priced in U.S. $ was for sale, but as we discovered later, Sri Lankan tea is a blend and the fancy packaging and prices are just for us gullible tourists.

Western visitors  were ambling about quite aimlessly waiting for a tour to commence. Clearly this factory was no longer operating. The process takes several days and there was no evidence of on going or disrupted production.

Even our tuktuk driver was embarrassed! 

Upon discovering that the Uva Halpewatte tes factory was noy operational, our tuktuk driver took an alternative route back to Ella and brought us to the small Kinellen tea factory. Here for 500rps each the two of us were given a very detailed and interesting tour of the entire process....

Don't waste your time and money visiting the (former?) Tea factory at Halpewatte.",255,1,Tuk-Tuk Scam,Tuk-Tuk / Transport Scam,2,Moderate,,"Halpewatte Tea Factory Tour, Badulla",Nuwara Eliya,6.8667,81.0466,https://www.google.com/search?q=site%3Atripadvisor.com%20%22Is%20this%20place%20a%20scam%3F%20Is%20it%20ever%20operational%3F%22&btnI=1,1,Tourists,2019-01-01 00:00:00,HIGH
688,tripadvisor_csv,TripAdvisor Reviews,0.55,Tier-2 Community,Well worth the visit!,"After hearing about some pretty expensive tea factory tours around Ella, we opted for this one as it had mainly positive reviews. 

Firstly, don't let the taxi and tuktuk drivers in Ella trick you into believing there are no buses that go there! It is possible to get relatively close by bus. First get on a bus leaving to Kumbalwela junction (eg. direction Bandarawela). At the junction change to a bus heading towards Badulla. When you get on the bus say you're heading to Halpewatte. The journey will cost you less than 0.50 GBP (much cheaper than a taxi or tuktuk). The downside is that you've then got a 1.7 km walk uphill to the factory. So if you plan on taking the bus, make sure to plan well to avoid trekking in the midday heat, and bring lots of water!

The tea factory tour was 300 rupees each, a really good price. Only guided tours available, but we only had to wait 10 minutes for one to start. It was really informative, our guide was pretty funny and spoke decent English, and we got to try a few teas afterwards too! Limited photography allowed inside,",201,0,Safety Advisory,Safety Advisory (Non-Incident),1,Low,,"Halpewatte Tea Factory Tour, Badulla",Nuwara Eliya,6.8667,81.0466,https://www.google.com/search?q=site%3Atripadvisor.com%20%22Well%20worth%20the%20visit%21%22&btnI=1,0,Tourists,2017-04-01 00:00:00,HIGH
689,tripadvisor_csv,TripAdvisor Reviews,0.55,Tier-2 Community,Beautiful. Friendly staff. Variety of teas.,"Meril our tour guide was very kind and knowledgable.

Herman was the plantation owner and mentioned its been in the family for 120 years as cocunut and rubber plantation. They still produce rubber. It comes as a sap from a tree in white colour. Herman turned this into tea plantation for only last 25 years.

Its the only tea plantation that produces virgin white tea. 

I did notice cheaper priced teas in hikkaduwa stores. About half the price so maybe 900SLR for 100grs. Vs 300 SLR for 100grs. Not sure what the shop qualities were as I'm not a tea conisure but buying at the plantation ensures direct pay for the staffs hard work.

Definitely a must do while in Sri Lanka. Plenty of plantations around but avoid the touristic ones. Note that they all have early closing times so be sure to arrange based on the hours of operation for the plantation you chose to go to.",159,0,Safety Advisory,Safety Advisory (Non-Incident),1,Low,,"Handunugoda Tea Estate, Galle",Galle,5.9766,80.357,https://www.google.com/search?q=site%3Atripadvisor.com%20%22Beautiful.%20Friendly%20staff.%20Variety%20of%20teas.%22&btnI=1,0,Tourists,2018-01-01 00:00:00,HIGH
690,tripadvisor_csv,TripAdvisor Reviews,0.55,Tier-2 Community,If you in the area.........,"I was interested to read the comments in these pages from the Poor and Average  contributors.They may have a point. It seemed to be a long way to go for little reward. On arrival a quick walk up the hill for a cup of tea and chocolate cake with a brief explanation of the Estate's purpose on the way. Down again to the factory  (impressive machinery by the way). Taste something cold and wet  and leave avoid paying LKR800 (£3.60 or thereabouts) for a few grams of tea leaves. I suppose first time visitors to a plantation may be impressed.

If you really want to be impressed,  travel to the Kandy/Newara Eliya regions in Central Province. Camellia Sinesis as far as the eye can see.",129,0,Safety Advisory,Safety Advisory (Non-Incident),1,Low,,"Handunugoda Tea Estate, Galle",Galle,5.9766,80.357,https://www.google.com/search?q=site%3Atripadvisor.com%20%22If%20you%20in%20the%20area.........%22&btnI=1,0,Tourists,2018-09-01 00:00:00,HIGH
691,tripadvisor_csv,TripAdvisor Reviews,0.55,Tier-2 Community,Very nice Tea Plantation,"If you're wanting to visit a tea plantation in the south this is worth a trip. They were very informative, had a country feel, tea and cake. Make sure you too though as you leave to help them as there is no cover charge for the entry. I love tea so I purchased my favourites. It's good understanding he process and seeing the different plants and trees here in Sri Lanka. Beware of tuk-tuk drivers taking you elsewhere.....avoid the herb gardens as they are a scam!",90,1,Tuk-Tuk Scam,Tuk-Tuk / Transport Scam,2,Moderate,,"Handunugoda Tea Estate, Galle",Galle,5.9766,80.357,https://www.google.com/search?q=site%3Atripadvisor.com%20%22Very%20nice%20Tea%20Plantation%22&btnI=1,0,Tourists,2017-09-01 00:00:00,HIGH
692,tripadvisor_csv,TripAdvisor Reviews,0.55,Tier-2 Community,Foreigners get ripped off,"The entry price of Rs. 1100 for foreigners, but they only charge Rs. 50 Sri Lankans. So if you are foreigner you pay 22 times more than what locals pay. I feel so bad that foreign tourists are being ripped off.",41,1,Overcharging,Overcharging,2,Moderate,,"Hakgala Botanic Gardens, Nuwara Eliya",Nuwara Eliya,6.9497,80.7891,https://www.google.com/search?q=site%3Atripadvisor.com%20%22Foreigners%20get%20ripped%20off%22&btnI=1,0,Tourists,2016-06-01 00:00:00,MEDIUM
694,tripadvisor_csv,TripAdvisor Reviews,0.55,Tier-2 Community,Not worth a penny,"Basically a classical tuk tuk driver forced stop rip off. I found the same products (different brand, same containers) at the Kandy market for a 10th of the price. I totally discourage to buy.",34,1,Tuk-Tuk Scam,Tuk-Tuk / Transport Scam,2,Moderate,,"New Ranweli Spice Garden, Kandy",Kandy,7.2906,80.6337,https://www.google.com/search?q=site%3Atripadvisor.com%20%22Not%20worth%20a%20penny%22&btnI=1,1,Tourists,2017-11-01 00:00:00,MEDIUM
695,tripadvisor_csv,TripAdvisor Reviews,0.55,Tier-2 Community,Scam,"Attention all travellers Please avoid this place ! It is scam ! Outrageous prices for all products We only realised after we converted the cost of a packet of black pepper. This was about 20 x normal cost After we realised the ridiculous inflated price of that product I question the validity of all their products 
I will be writing to the government to complain as these places give the good Sri Lankan businesses a bad name",75,1,Overcharging,Overcharging,2,Moderate,,"New Ranweli Spice Garden, Kandy",Kandy,7.2906,80.6337,https://www.google.com/search?q=site%3Atripadvisor.com%20%22Scam%22&btnI=1,1,Tourists,2018-07-01 00:00:00,MEDIUM
696,tripadvisor_csv,TripAdvisor Reviews,0.55,Tier-2 Community,A definite must do in Kandy!,"This was one of the highlights of our Sri Lankan trip! 

It was amazing to see how these spices are all grown and getting to try them fresh was just amazing. Our tour guide Joshua was so informative and answered all our questions really well. 

We found the spice garden easy to find. We were at the Royal botanical gardens and exited through the suspension bridge (the suspension bridge said no entry on the gate to get through but you can go through there) once out of the park you cross the road and go up that street (it looks like a driveway). Just follow the google maps directions. It only took us 10 minutes to get there. 

We couldn't believe that it was free. We learnt so much and really want to grow our own spices now.
They had cinnamon, vanilla, cacao, cardamom, citronella, cloves, pepper, nutmeg, tumeric and many more!

We were given a try of their spiced tea which was amazing! We bought some to bring home and it made it through Australian customs no problems. 

I highly recommend checking this place out.

Don't let tuk tuk drivers take you anywhere else as apparently there is some sort of scam where they take you to another one. 

Thanks so much guys! Keep up the amazing work!",221,1,Tuk-Tuk Scam,Tuk-Tuk / Transport Scam,2,Moderate,,"New Ranweli Spice Garden, Kandy",Kandy,7.2906,80.6337,https://www.google.com/search?q=site%3Atripadvisor.com%20%22A%20definite%20must%20do%20in%20Kandy%21%22&btnI=1,1,Tourists,2017-07-01 00:00:00,HIGH
697,tripadvisor_csv,TripAdvisor Reviews,0.55,Tier-2 Community,A SCAM and a tourist trap!!!,"It' was our first day in Sri Lanka we made a mistake converting the currency we didn't realize on the spot how bad it was!!!! After a visit in the garden, quite informative, you get a  ""free"" massage and then they take you to the shop where everything is 10-20 times overpriced!
Our driver took us there saying it's a short and free visit. It took for ever to get out of there and I learned later the driver get 20% commissions on what you buy...",89,1,Overcharging,Overcharging,2,Moderate,,"New Ranweli Spice Garden, Kandy",Kandy,7.2906,80.6337,https://www.google.com/search?q=site%3Atripadvisor.com%20%22A%20SCAM%20and%20a%20tourist%20trap%21%21%21%22&btnI=1,2,Tourists,2016-03-01 00:00:00,HIGH
698,tripadvisor_csv,TripAdvisor Reviews,0.55,Tier-2 Community,The equivalent of a timeshare selling effort,"Pretty much all Spice Gardens (and there is quite a few of them, especially on the road between Kandy and Sigirya) seem to operate along the same lines: a quick / hasty visit of the gardens, followed by some ""workshop"" to demonstrate the virtues of their Ayurvedic gear and finally the mandatory visit of the shop where they'll make sure you buy some of their their grossly overpriced merchandise, i.e. not the cooking spices that are too cheap but the Ayurvedic rubs, ointments and else. They might also throw in a ""free"" massage at the end of which you'll be reminded not to forget to tip the guy who delivered it + the guy who gave the visit + pretty much half of the staff on deck. My advice, just STAY AWAY from any and all of them, especially if they are commended by you car or tuk-tuk driver (who will get commisioned wherever he takes you)",158,0,Safety Advisory,Safety Advisory (Non-Incident),1,Low,,"New Ranweli Spice Garden, Kandy",Kandy,7.2906,80.6337,https://www.google.com/search?q=site%3Atripadvisor.com%20%22The%20equivalent%20of%20a%20timeshare%20selling%20effort%22&btnI=1,0,Tourists,2013-10-01 00:00:00,HIGH
699,tripadvisor_csv,TripAdvisor Reviews,0.55,Tier-2 Community,Arrogant cheaters pushy scammers,"This place is a scam. Avoid at all cost!
Prices are like 10x what the product should cost.
Plus they push you into buying they product after taking you for a tour of a small garden.
I left without buying anything and they started to act pissed off.
This people are a shame to Sri Lanka. Nothing to do with all the other honest people I met during my trip.
They should run out of business.
Dont be tricked by your tuk tuk driver and if they propose you to go there dont",95,1,Tuk-Tuk Scam,Tuk-Tuk / Transport Scam,2,Moderate,,"New Ranweli Spice Garden, Kandy",Kandy,7.2906,80.6337,https://www.google.com/search?q=site%3Atripadvisor.com%20%22Arrogant%20cheaters%20pushy%20scammers%22&btnI=1,0,Tourists,2020-02-01 00:00:00,HIGH
700,tripadvisor_csv,TripAdvisor Reviews,0.55,Tier-2 Community,Beautiful tranquility in busy Kandy,"The park is a haven of peace and serenity against the otherwise manically busy city of Kandy. Ensure that you visit in the morning, its cooler then and with less people. It is exceptionally well kept and the information about the trees and plants  rife. We were further excited to spot, within the arboretum, several clusters of the biggest bat's I have ever seen in my life, so Mrs Johnson was delighted to be able to capture them on camera. A very beautiful park.

Couple of down sides: I had hoped that here I would be able to escape the constant £ sign that seems to hang over every tourists head in this country, within the tranquility of the trees. Oh no. Security guards popping over for a quick chat, but swiftly requesting a cigarette to further irradicate their foul, bleeding gums, another chap digging a flower bed bent my ear, all be it politely, about his excellent hobby of collecting foreign currency, very clever, and to top it off, when spotting two brilliantly bright white bovine beats in a clearing, so of course stopping to oggle, their minder pops out from behind a tree and starts jibbering about rupees. Highly annoying.

Further, and my wife thinks I am incorrect in moaning about this, but the incredibly inflated price that a tourist pays as opposed to a local. Yes an average Western tourist is going to have more money, but oh my giddy aunt, the backlash that would ensue if the British charged 22 x local price to wealthy Sri Lankans or indeed any other tourist, to enter into Kew Gardens. We would be called racist, accused of defiling the parks good name and no doubt be obliged to make it a fair price for all. The park management have got this wrong here, leaving a bitter taste.",308,0,Safety Advisory,Safety Advisory (Non-Incident),1,Low,,"Royal Botanical Gardens, Kandy",Kandy,7.268,80.5958,https://www.google.com/search?q=site%3Atripadvisor.com%20%22Beautiful%20tranquility%20in%20busy%20Kandy%22&btnI=1,0,Tourists,2019-01-01 00:00:00,HIGH
701,tripadvisor_csv,TripAdvisor Reviews,0.55,Tier-2 Community,Beware entry fee rip-off,"I was deeply shocked to be asked for 300 rupees to enter this park. Whether this is the official foreigner rate or a scam I don't know. In England parks are free. I have no objection, as an overseas visitor, to making a reasonable contribution to Sri Lankan parks such as this but excessive demands will result in NO revenue. I just walked away.

If an individual was trying to make a dishonest charge, he should be sacked. If not the authorities need to review their charges. It would be sensible if charges were advertised at the entrance. A tax rate of 0% or 100% will yield nothing. An excessive park charge will yield nothing.

I love Sri Lanka and especially the people but beware of greed. Foreigners are not silly and news of bad experiences travels fast.",139,1,General Scam,General Safety Incident,2,Moderate,,"Victoria Park of Nuwara Eliya, Nuwara Eliya",Nuwara Eliya,6.9497,80.7891,https://www.google.com/search?q=site%3Atripadvisor.com%20%22Beware%20entry%20fee%20rip-off%22&btnI=1,1,Tourists,2017-06-01 00:00:00,MEDIUM
702,tripadvisor_csv,TripAdvisor Reviews,0.55,Tier-2 Community,If you have kids and want to relax for sometime this can be your hide out,This is a very huge garden with children play areas. It is well maintained and again if you are foreigners you pay 300 SLR and locals pay 60 SLR. Again the ticket you might get will be used by someone already ;) In Srilanka tourist places are full of frauds and you have no choice and government is least bothered.,59,0,Safety Advisory,Safety Advisory (Non-Incident),1,Low,,"Victoria Park of Nuwara Eliya, Nuwara Eliya",Nuwara Eliya,6.9497,80.7891,https://www.google.com/search?q=site%3Atripadvisor.com%20%22If%20you%20have%20kids%20and%20want%20to%20relax%20for%20sometime%20this%20can%20be%20your%20hide%20%22&btnI=1,1,Tourists,2016-10-01 00:00:00,MEDIUM
703,tripadvisor_csv,TripAdvisor Reviews,0.55,Tier-2 Community,A world away but watch out for scammers on the way there,"Lovely place to walk around and enjoy international high quality restaurants.  While expensive for Sri Lanka, these high end restaurants are half the price of any western. 
Modern stores located within beautiful restored and maintained buildings. 

If you arrive by train watch out for well dressed men claiming to work for the government/railways saying the fort is closed (due government official visiting) and recommending an official metered tuk-tuk to take you to other sites before the Fort opens.  This is a scam and they drive you to places attempting to force you to purchase various things or pay for walking around sites of little interest. 

Plan your trip head, straight to the Fort, its only 1km away from the train station and well worth a visit or overnight stay in one of the beautiful, historic buildings within the Fort.",142,1,Tuk-Tuk Scam,Tuk-Tuk / Transport Scam,2,Moderate,,"Galle Fort, Galle",Galle,6.0535,80.221,https://www.google.com/search?q=site%3Atripadvisor.com%20%22A%20world%20away%20but%20watch%20out%20for%20scammers%20on%20the%20way%20there%22&btnI=1,0,Tourists,2019-01-01 00:00:00,HIGH
704,tripadvisor_csv,TripAdvisor Reviews,0.55,Tier-2 Community,Lovely old town,"We traveled by train from Bentota a journey of 50 minutes on the fast train about £1.20 return 
Just be very careful at the train station at Galle  as out side there is a few tuk tuk drivers and a few other con artist trying to scam you 
So be aware!!  the fort is open all day with loads of interesting Dutch, English and Sri Lankan buildings 
Try the local chai its well worth the visit",78,1,Tuk-Tuk Scam,Tuk-Tuk / Transport Scam,2,Moderate,,"Galle Fort, Galle",Galle,6.0535,80.221,https://www.google.com/search?q=site%3Atripadvisor.com%20%22Lovely%20old%20town%22&btnI=1,2,Tourists,2019-04-01 00:00:00,MEDIUM
705,tripadvisor_csv,TripAdvisor Reviews,0.55,Tier-2 Community,Fog can spoil it for you,"We visited the Liptons Seat during a visit to Ella area. Although it is famous for its breathtaking views, we were not so lucky due to heavy fog. If you are driving a car or van to all the way to the top, avoid public holidays as the road is very narrow with many elbow bends and our van had to reverse several times to allow vehicles coming from the opposite direction to pass. Many prefer a tuk tuk ride or a hike. We were disappointed after a difficult drive, we could see nothing but heavy fog. So timing is the key.",103,0,Safety Advisory,Safety Advisory (Non-Incident),1,Low,,"Lipton�s Seat, Badulla",Nuwara Eliya,6.7672,80.9595,https://www.google.com/search?q=site%3Atripadvisor.com%20%22Fog%20can%20spoil%20it%20for%20you%22&btnI=1,1,Tourists,2019-02-01 00:00:00,HIGH
706,tripadvisor_csv,TripAdvisor Reviews,0.55,Tier-2 Community,Amazing drive to get there!,"We visited Liptons Seat on a day trip on a scooter from Ella. 

The drive to get to Liptons Seat is what was the most amazing for us as we had left it too late and it was cloudy by the time we arrived at the top. The drive up the windy road through the tea fields was just amazing. 

We were cheered on by local school kids and saw the women in the fields picking the tea. We arrived at Lipton's seat around lunchtime the tea pickers were having their break and congregating at the view point. They asked if we wanted to take their picture for a fee. We declined. We were disappointed with ourselves for forgetting to take biros/pens with us as loads of the kids were asking for school pens. 

Lipton's Seat is ticketed and you have to pay per person and vehicle to access the view point. There is a local cafe at the top. 

Beware that at the moment there are construction works at the seat where he is sat. 

Top tip: Get there at sunrise to get clear views! 

We didn't ask if there were or used toilets.",201,0,Safety Advisory,Safety Advisory (Non-Incident),1,Low,,"Lipton�s Seat, Badulla",Nuwara Eliya,6.7672,80.9595,https://www.google.com/search?q=site%3Atripadvisor.com%20%22Amazing%20drive%20to%20get%20there%21%22&btnI=1,0,Tourists,2018-04-01 00:00:00,HIGH
707,tripadvisor_csv,TripAdvisor Reviews,0.55,Tier-2 Community,Wastly overpriced and filled with annoying salesmen,Just normal ruins with nothing to see really. Museum was poor and really hot because they used only domestic A/C machines. Definitely nowere near worth the 25 $ pp it costs. Typical Sri Lankan touristscam...,35,1,Overcharging,Overcharging,2,Moderate,,"Polonnaruwa, Polonnaruwa",Polonnaruwa,7.9396,81.0009,https://www.google.com/search?q=site%3Atripadvisor.com%20%22Wastly%20overpriced%20and%20filled%20with%20annoying%20salesmen%22&btnI=1,0,Tourists,2019-07-01 00:00:00,MEDIUM
708,tripadvisor_csv,TripAdvisor Reviews,0.55,Tier-2 Community,"EXTORTIONIST SECURITY GUARDS AT THE ENTARACE, FULL OF VULTURES","The Polonnaruwa Ruins traumatised my children as they tried to cut us a foreigner price eventhough we were locals.

This discrimination between prices for foreigners and locals is already distressing, however when they terrorise my children and wife by claiming they were foreigners despite seeing our identity cards as proof of our nationality and then assualt them with personal questions even Immigration doesn't ask; this disgusting behaviour shouldn't be tolerated in 2018.

In the end they ruined my childrens holiday as they were uncomfortable with this experience due to the security guards enforcing their bigotry opinions on them; they were prejudice to judge us based on our looks than the proof shown on my identity card. They even asked for our passports (which they are not entitled to ask) and continued to try to stubbornly extort money from us. We do not reccommend this site for a good experience.",151,1,Overcharging,Overcharging,2,Moderate,,"Polonnaruwa, Polonnaruwa",Polonnaruwa,7.9396,81.0009,https://www.google.com/search?q=site%3Atripadvisor.com%20%22EXTORTIONIST%20SECURITY%20GUARDS%20AT%20THE%20ENTARACE%2C%20FULL%20OF%20VULTURES%22&btnI=1,1,Tourists,2018-07-01 00:00:00,HIGH
709,tripadvisor_csv,TripAdvisor Reviews,0.55,Tier-2 Community,5-star ruins but 1 star off for the cheats in the ticket office,"The Polonnaruwa site is as magnificent as the reviews say it is and it is a must do on your Sri Lanka trip. Don't just do the big name buildings, Royal Palace, Quadrangle and Gal Vihara though. Take the time to stroll through the huge monastery ruins between the Quadrangle and Gal Vihara and make sure you check out Lankathilaka. Make a detour too to see the only frescoes remaining on the whole site at the Tivanka Image House in the far north. The only small downside of our day was right at the beginning when we went to the museum to buy our tickets. The tickets were LKR 7950 for two. We paid with 2 x LKR 5000 notes. The tickets were handed over with an LKR 1000 note and a LKR 50 note. I waited. The ticket lady put her hand in the drawer and pulled out a stack of LKR 100 bills and started talking to me. As the conversation continued, she put her hand and the notes back in the drawer. Chat over, there was a pause.""You have to give me more money,"" I said. She pulled her hand out of the drawer, counted out some LKR 100 bills and pushed them over. I picked them up. There were nine. ""One more please"", I said. She peeled one more off and laid it down. Not a word. I counted everything out again, said thank you and walked away, making a mental note to include this in my review to warn future travellers. That's it. It's still a terrific place to visit, just watch out for the short-changers at the ticket office.",280,1,General Scam,General Safety Incident,2,Moderate,,"Polonnaruwa, Polonnaruwa",Polonnaruwa,7.9396,81.0009,https://www.google.com/search?q=site%3Atripadvisor.com%20%225-star%20ruins%20but%201%20star%20off%20for%20the%20cheats%20in%20the%20ticket%20office%22&btnI=1,0,Tourists,2018-05-01 00:00:00,HIGH
710,tripadvisor_csv,TripAdvisor Reviews,0.55,Tier-2 Community,Must see,"Polonnaruwa was the thriving commercial and religious centre of Sri Lanka some 800 years ago. It consists of a lot of temples and religious buildings. It is UNECSO world heritage site. Before we went into the ruins of the Ancient City, we visited the Archaeological Museum (next to the ticket office). I am recommending this museum for all of tourists, after that no need for a tourist guide in to the Ancient City ( you will recognize all main buildings and tourist sites from the photos and stories in the museum). You can walk, rent a bike or go by car depends of your time and interesting. The enter ticket price is 25$/person and you can pay with US dollars. 
The best time to visit Polonnaruwa is in the morning, to avoid high temperatures and hot weather. The opening time is 7am-6:30pm daily. We spent more then 4 hours there and we really had a nice time. After touring we took a lunch in The Lake House, which is so nice place for a rest. Built in 1870 as a circuit bungalow for British Government Agents, the Old Polonnaruwa Rest House and once the Queen of Englands holiday destination in the 1960s, has now been restored and renamed as EKHO Lake House. 
Go and enjoy on this amazing place!",223,0,Safety Advisory,Safety Advisory (Non-Incident),1,Low,,"Polonnaruwa, Polonnaruwa",Polonnaruwa,7.9396,81.0009,https://www.google.com/search?q=site%3Atripadvisor.com%20%22Must%20see%22&btnI=1,0,Tourists,2019-11-01 00:00:00,HIGH
711,tripadvisor_csv,TripAdvisor Reviews,0.55,Tier-2 Community,The Ultimate Challenge: Conquering Sigiriya Rock,"Sigiriya Rock, also known as Lion Rock, is an impressive landmark located just 30 minutes away from Dambulla village in Sri Lanka. The rock can be reached by tuk-tuk or bus and is a must-see destination for any traveler to the country.

It's recommended to arrive early to avoid the crowds and make the most of your visit. The entrance fee is $30, but it's worth it for the breathtaking views from the top. The climb is of moderate difficulty, so make sure to wear comfortable sneakers and bring a bottle of water to stay hydrated along the way.

As you make your way to the top, you'll pass by ancient ruins and intricate frescoes, all while taking in the stunning scenery around you. Once you reach the summit, you'll be rewarded with a panoramic view of the surrounding jungle and countryside. Don't miss out on the opportunity to experience this incredible piece of Sri Lankan history and culture.",166,0,Safety Advisory,Safety Advisory (Non-Incident),1,Low,,"Sigiriya The Ancient Rock Fortress, Matale",Matale,7.9573,80.76,https://www.google.com/search?q=site%3Atripadvisor.com%20%22The%20Ultimate%20Challenge%3A%20Conquering%20Sigiriya%20Rock%22&btnI=1,0,Tourists,2023-03-01 00:00:00,HIGH
712,tripadvisor_csv,TripAdvisor Reviews,0.55,Tier-2 Community,"God, its a long way up.","I am in my early sixties, with a lung condition. Was very hesitant to climb the zillion or so steps, so climbing this was , for me, a trial of resolve. I managed it, but took my time. Sri Lanka, right now, is sparsely touristed-but not at Sigiriya. I would dread to think what it is like when the overseas visitors arrive back en masse, once the memory of the 2019 bombings and Coronavirus are ancient history. This place gets crowded and people taking it slow like me tend to get in the way of the more fit individuals. Mind you, I was not the slowest by far. Unfortunately, however, being slow attracts the attention of helpers. Fit young Sri Lankans standing like hungry carrion, scanning for prey and constantly picking at the perceived weak ones and assisting up each flight of stairs, whether that attention was requested , required or not. Their keen eye for a sucker is uncanny and they latch onto a potential monetary catch like seagulls on a chip, regardless of whether you are struggling or not. If you are not quick with a kind hearted rebuke, then they claim their prize and the hassling for large tips starts. They have a hide like an elephant and nothing short of an angry expletive will shake them off.  Be aware. These guys get aggressive and persistent  if you dont make it absolutely clear that you do not wish their assistance. However, you are not out of the woods, as a couple more of these vultures wanting an easy kill will be at the next flight and the process starts again. I hated that and my patience and initial good natured banter was retired in short order. This spoiled things for me, but that is just my personality. Being honest, Sri Lankans are a good natured and, largely, well mannered bunch, but I set my standards for other peoples behaviours at, possibly, unrealistic levels. This is a dirt poor country trying to provide for its peoples and the population have grown to act in a certain way to feed their families. Their behaviours are borne from a need to earn money and, as a result, they can be a bit pushy bordering on exasperation at times.
Did I enjoy the Sigiriya experience? Well, besides the huffing , puffing and wanting to turn back at every step, I guess I did. Was that enjoyment because I was using the      climb as a yardstick for my failing fitness and a small mental personal victory was my just reward? Probably. Would I do it again? - Not a chance!",439,1,General Scam,General Safety Incident,2,Moderate,,"Sigiriya The Ancient Rock Fortress, Matale",Matale,7.9573,80.76,https://www.google.com/search?q=site%3Atripadvisor.com%20%22God%2C%20it%C2%92s%20a%20long%20way%20up.%22&btnI=1,3,Tourists,2020-02-01 00:00:00,HIGH
713,tripadvisor_csv,TripAdvisor Reviews,0.55,Tier-2 Community,Amazing views,"As the most popular attraction in the area it wasn't ridiculous the amount of people there, not helped by arriving at the same time as 3 coaches of tourists. I strongly suggest to wear decent footwear and avoid sandals or flip-flops as the steps can be wet and dusty from the dirt around. The walk up is a bit steep but all steps and once you reach the main part of the rock you get a lovely breeze. The stairs are the busy bit, once you're at the top it fans out over the ruins and there is plenty of exploring to do. Head for the far corner with the royal pool and see the balcony for a great pano shot. I'm sure if your visiting Sigiriya you wouldn't miss this but just to say it's a must do. If you're feeling a bit fit and energetic head to the other rock that over looks Sigiriya for some amazing photos (be warned it's a bit of rock climbing(",176,0,Safety Advisory,Safety Advisory (Non-Incident),1,Low,,"Sigiriya The Ancient Rock Fortress, Matale",Matale,7.9573,80.76,https://www.google.com/search?q=site%3Atripadvisor.com%20%22Amazing%20views%22&btnI=1,1,Tourists,2019-12-01 00:00:00,HIGH
714,tripadvisor_csv,TripAdvisor Reviews,0.55,Tier-2 Community,I preferred Pidurangala but Sigirya was also an amazing experience,"We visited sigirya during our trip to Sri Lanka. I was already knackered from waking up at 7 am to get there early (trust me - don't do this later than 10 am)

Having said that climbing Sigirya is 100% the most fun activity my wife and I did during our trip to Sri Lanka. It costs $20 or $30 to enter (expensive compared to the $2 entrance fee at Pidurangala).

It's a steep climb easier than Pidurangala and there are stairs for most of the way up but everyone can do it. I saw people with babies doing it with one hand and old people with sticks getting pushed up the hill. 

Apart from the fun way up you get 360 views of Pidurangala, Dambulla and the nearby parks. 

I left with major aches in my legs but I can't stop thinking about that day . I would do it again on a heartbeat.

If someone asks to help just refuse politely. I was scammed again and some ""helpful"" employee extracted 3000 rupees from me for grabbing my wife's hand to ""help her up"" . He wouldn't let go. For this behavior alone I am not willing to give 5/5",204,1,General Scam,General Safety Incident,2,Moderate,,"Sigiriya The Ancient Rock Fortress, Matale",Matale,7.9573,80.76,https://www.google.com/search?q=site%3Atripadvisor.com%20%22I%20preferred%20Pidurangala%20but%20Sigirya%20was%20also%20an%20amazing%20experience%22&btnI=1,1,Tourists,2019-12-01 00:00:00,HIGH
715,tripadvisor_csv,TripAdvisor Reviews,0.55,Tier-2 Community,Excellent visit to Ceylon Tea Museum,"We visited the Ceylon Tea Museum in the afternoon, following the hectic hustle and bustle of Kandy-life and it proved a fantastic getaway for an hour or two. The museum is a converted tea factory, which is gorgeous in itself, and the display of machinery is just amazing. The guided tour was great - the guide such a lovely lady and with excellent English to answer all our questions. The history of tea in Sri Lanka was presented very well with all sorts of tea-related paraphernalia throughout the ages on display. The building and exhibits are maintained extremely well (nice to see the displays and building being taken care of compared to some other museums in the country). The tea shops and tasting on the top two floors are worth visiting. We spent over an hour here. It was very quiet when we went at 1pm, only a handful of visitors, but beware, the museum closes earlier than other Kandian site (3pm that day I think). Great views of Kandy from the road up there too!",177,0,Safety Advisory,Safety Advisory (Non-Incident),1,Low,,"Ceylon Tea Museum, Kandy",Kandy,7.2906,80.6337,https://www.google.com/search?q=site%3Atripadvisor.com%20%22Excellent%20visit%20to%20Ceylon%20Tea%20Museum%22&btnI=1,1,Tourists,2016-11-01 00:00:00,HIGH
717,tripadvisor_csv,TripAdvisor Reviews,0.55,Tier-2 Community,Fairly modern but a little disappointing after visiting Lion Rock,"Sigirya Museum lies just off the main path from the Entrance to the Lion Rock and is probably best visited after climbing the Rock itself, especially if you are visiting early to beat the crowds and the heat.

It's a fairly modern building and sits unobtrusively on the site but the charge of $5 to enter it seems a little much after already paying $30 at the main entrance to visit the Lion Rock.

After passing through a reconstructed angular brick entranceway copying originals found elsewhere on the site there is a fairly obvious route to follow with a series of cased artifacts mainly from Sigirya, along with a fairly nice model of the Lion Rock in it's landscape that helps to put things in perspective.

There is also a full size replica of of the rock overhang and the Apsara Paintings to be found high up on the Lion Rock. Surprisingly, because photography is banned in the museum that means you can take photographs of the original paintings high up on the Lion Rock but you cannot take photographs of the copies down in the museum. Surely this is short sighted especially for visitors who can't make it to the top of the rock due to mobility problems and who would benefit from being able to visit the museum alone. Approaching the exit there is a diorama with an indigenous structure and examples of some traps that seem out of place somehow, almost as though they were put here because no-one quite knew where else to put them because they don't fit in with the rest of the exhibits, though given the museum's size there is plenty of room for more to be added.

If you want a souvenir don't expect to find it or a guide book in the museum itself. There is an official looking store nearby if you turn to the left on leaving with a limited range of reasonably nice but sometimes quite expensive items. There is also a slim but well illustrated guide book in several languages, but if you want a guide book you would do better to keep your eyes open for one elsewhere in Sri Lanka before your visit to Sigirya. Surprisingly one of the best ones I saw was in a shop in the airport.  There is also a smaller independent store nearby on the same block but it too had little to offer and the same guidebook was on sale there as in the larger shop but no cheaper when we visited.

The museum isn't really bad and it's nicely laid out, but I found it  a bit disappointing after the sights and the experience offered by an ascent of the Lion Rock and an exploration of the grounds. Being charged again to go in, instead of being allowed in with the same ticket purchased at the main entrance to the site was also unwelcome. Our visit probably lasted around 20-25 minutes and I in hindsight I don't think we would have been left with regrets had we not gone in. It's ok but nothing special.",529,1,General Scam,General Safety Incident,2,Moderate,,"Sigiriya Museum, Matale",Matale,7.9573,80.76,https://www.google.com/search?q=site%3Atripadvisor.com%20%22Fairly%20modern%20but%20a%20little%20disappointing%20after%20visiting%20Lion%20Rock%22&btnI=1,0,Tourists,2015-03-01 00:00:00,HIGH
718,tripadvisor_csv,TripAdvisor Reviews,0.55,Tier-2 Community,Beautiful but Expensive!,The National Park is beautiful however the entrance ticket is expensive at 3000rps per person (tourist price). Locals pay a whopping rate of 60rps p/p!! This price disparity made us feel slightly exploited! You will need to pay an additional fee of 2100rps for tax and 100rps for a paper pamphlet! The park seems to be badly managed in general and overpriced for what it is. If you have an abundance of time in Nuwara Eliya and feel like a hike in nature then this could be worth jt.,90,0,Safety Advisory,Safety Advisory (Non-Incident),1,Low,,"Horton Plains National Park, Nuwara Eliya",Nuwara Eliya,6.9497,80.7891,https://www.google.com/search?q=site%3Atripadvisor.com%20%22Beautiful%20but%20Expensive%21%22&btnI=1,0,Tourists,2021-11-01 00:00:00,HIGH
719,tripadvisor_csv,TripAdvisor Reviews,0.55,Tier-2 Community,Foreigners skip. Pretty but a rip off,"My friend and I visited in January 2023. Overall, I would recommend choosing antoher of the many attractions in the hill country over Horton Plains.

Why go: it's a pretty and clean walk through a high-altitute plateau to a wide outlook down to the plains. We saw some deer in the open fields and interesting descriptions of the cloud forest. The walk is comparable in enjoyment to many temperate walks elsewhere. Easy to hire a return car trip from Nuwara Eliya (10,000 LKR). You can easily do the circular walk in 2-3hrw. Take sturdy shoes and a warm top layer. Start early: be at the park centre for 6:30am to get the best chance of the views before the clouds come in. If money is no question, then you will enjoy the park.

Why skip: regretfully the park management seem to have taken to an extortion racket. A single person ticket for a foreigner will cost you around USD40 with the ticket price and the 'service charge', and even more if you actually want to pay in dollars (the clerk at the entrance will happily exchange to rupees for a hefty fee). That's probably about 40 times the price for locals. That is absurdly expensive for Sri Lankan standards and it's very expensive for what you get by Western standards, as it is just an unguided walk through the nature.",237,1,Overcharging,Overcharging,2,Moderate,,"Horton Plains National Park, Nuwara Eliya",Nuwara Eliya,6.9497,80.7891,https://www.google.com/search?q=site%3Atripadvisor.com%20%22Foreigners%20skip.%20Pretty%20but%20a%20rip%20off%22&btnI=1,1,Tourists,2023-01-01 00:00:00,HIGH
720,tripadvisor_csv,TripAdvisor Reviews,0.55,Tier-2 Community,superbly protected and exciting park,"Don't make too many safari plans before coming to Sri Lanka - the animals move around and local people will be best able to tell you where to go. We were planning on two other parks, but our accommodation host in Habarana recommended Kaudulla and we weren't disappointed. After a bumpy and challenging drive into the heart of the park, encountering a crocodile, countless monkeys, several eagles and a couple of chameleons on the way - our path led us to a wide and open scrubland, where the elephants were clearly visible, in groups of up to 20 or so. We were able to get as close as 5-10 metres, although the guide/drivers are careful and respectful of these lovely but dangerous creatures, so when they walked towards us, we were ready to drive away. 
The drought this year had made the elephants even more eager to congregate near water and this enabled our safari to be a memorable experience indeed.",163,0,Safety Advisory,Safety Advisory (Non-Incident),1,Low,,"Kaudulla National Park, Anuradhapura",Sri Lanka,8.0515,80.7498,https://www.google.com/search?q=site%3Atripadvisor.com%20%22superbly%20protected%20and%20exciting%20park%22&btnI=1,1,Tourists,2019-08-01 00:00:00,HIGH
721,tripadvisor_csv,TripAdvisor Reviews,0.55,Tier-2 Community,Enjoyable afternoon jeep ride,"Yes there are a lot of jeeps, but I felt this park was more open and avoided a lot of the crush I felt with Yala National Park (the highlight being to try and spot an elusive Sri Lankan leopard or Sloth Bear).  The jeeps on this occasion had room to manoeuvre and the elephants were all very obliging and all jeeps kept their distance and even waited if elephants approached to let them have their way.  So I did enjoy this park much more - seeing elephant families doing their own thing without being hassled by the jeeps was most enjoyable.  Birdlife was the only other wildlife but there were large and small herds everywhere in this park and I didn't feel the jostling of jeeps too much.  Most drove up slowly, found a position and parked to allow us to take photographs or just enjoy their antics.  On our safari I didn't feel that the jeep drivers were encroaching on the elephants as all the jeeps seem to follow the track, parked off to the side and allowed us to just watch the elephants - yes mothers put their babies on the other side of the jeeps, but continued feeding, and the babies of course continued playing.

I actually quite enjoyed the afternoon safari as instead of getting hotter, it cooled as the afternoon sun began to set.  

We were a private group with our own guide so we had a pre-arranged driver for this attraction, so it was just us in a slightly newer and more comfortable jeep - open topped and a little dusty, but allowed you to stand and take photos when the jeep stopped.

Have an open mind here - Sri Lankan is a developing country and has a long way to go so don't expect the same level of eco-tourism you would get in other countries.",314,0,Safety Advisory,Safety Advisory (Non-Incident),1,Low,,"Minneriya National Park, Anuradhapura",Sri Lanka,8.0515,80.7498,https://www.google.com/search?q=site%3Atripadvisor.com%20%22Enjoyable%20afternoon%20jeep%20ride%22&btnI=1,1,Tourists,2019-02-01 00:00:00,HIGH
722,tripadvisor_csv,TripAdvisor Reviews,0.55,Tier-2 Community,"Yup, you'll see elephants, but if they are calving they will be pissed off...","Sri Lankan safaris are perhaps the cheapest on the planet compared to Africa, but do understand, you will be in a queue of vehicles, the drivers will all be communicating with each other to get their convoys close to any animals spotted. On our safari the Elephants were clearly upset with being intruded upon. One of the vehicles got bogged and the Elephants were being quite aggressive. The interpretation from our guide was little more than ""look - there's and elephant"" He certainly was no naturalist. The national park was certainly beautiful, and it was nice to be out in the bush, but I would not describe this as an ""eco"" experience. Sri Lanka has a way to go to offer true eco tourism experiences.",125,0,Safety Advisory,Safety Advisory (Non-Incident),1,Low,,"Minneriya National Park, Anuradhapura",Sri Lanka,8.0515,80.7498,https://www.google.com/search?q=site%3Atripadvisor.com%20%22Yup%2C%20you%27ll%20see%20elephants%2C%20but%20if%20they%20are%20calving%20they%20will%20be%20pissed%22&btnI=1,0,Tourists,2018-11-01 00:00:00,HIGH
723,tripadvisor_csv,TripAdvisor Reviews,0.55,Tier-2 Community,Do not go here,"If I could give this place less than 1 star I would. It was heartwrenching to see how they treat the marine life in Sri Lanka. This is a national park and nothing is done to conserve the corals or fish. They had one small plot where you were not aloud to swim because they were preserving corals there.
The whole trip was extremely badly organised. Noone spoke any English. Noone told people not to touch or step on the corals. The locals were standing on coral, shouting and screaming the whole time. I'm not sure if this is because of lack of knowledge and education? If it is this is really something the government should consider teaching if they don't want the whole sea to be ruined. I realize that this is a business opportunity for people who do not have much else, but this is not an honorable way to earn a buck. 

We got there at 8.30 and were one of the first boats. 30 minutes later you could hardly move around it was that crowded. The boats kept coming and going all trough the time we were there, crashing into each other at the beach. No safety whatsoever. The boat drivers didn't speak English and we were just given a broken snorkel and they told us they would come back for us three hours later.
After five minutes in the water fending for your space we gave up and went to the beach. We saw a few fish, clearly distressed from all the commotion and people. This place is dying under water and it is all because of people.
It was so sad to see... Most of the other western tourists we meet had the same feeling.

There were a bunch of jelly fish in the water that sting. Badly. They did not give us any information about this and one girl had an allergic reaction after being stung on the neck. There are also some extremely dangerous jelly fish abit further out... Which we found out after being in the water.

Turtles had laid eggs on the island the previous night and the locals kept running over the eggs, sitting on them and really not giving a f***

It was terrible to see the condition the corals were in and how the locals treated the place. Most of the locals can't swim and walked from coral to coral. The water was extremely murky due to the amount of people.

This trip made me wonder what the conservation area are doing with all the money they get from arranging the snorkling trips. They had one trash can and it was filthy. No place to leave your things. No food or water. It was a mess.

Do not go, for the sake of the corals and marine life please consider not going.

We left two hours early because we were all so saddened by the experience!",494,0,Safety Advisory,Safety Advisory (Non-Incident),1,Low,,"Pigeon Island National Park, Trincomalee",Trincomalee,8.7,81.2,https://www.google.com/search?q=site%3Atripadvisor.com%20%22Do%20not%20go%20here%22&btnI=1,3,Tourists,2018-08-01 00:00:00,HIGH
724,tripadvisor_csv,TripAdvisor Reviews,0.55,Tier-2 Community,Very crowed experience,"There is plenty of marine life to be seen here. I saw 1 turtle, 1 black tip reef shark and a multitude of fish. Our issue is with how it is being run. There does not appear to be any control over the numbers. We thought it was crowded on our visit but our guide advised that you can get times where there are 1000 people on the tiny island. Yes there are ropes that cordon off coral reef located within shallow water but people are ignoring the rope and standing on the coral. The first time I saw the turtle people were pushing each other to get pictures of themselves with the turtle, to the point where they were grabbing the shell of the turtle. Yet all this time there is a ranger sat in his hut doing nothing. We have snorkelled in various parts of the world but this was our worst experience. Sri Lanka has a very important marine park here but it is going to be ruined as the numbers visiting are only going to increase as more and more hotels spring up on this coastline.",190,0,Safety Advisory,Safety Advisory (Non-Incident),1,Low,,"Pigeon Island National Park, Trincomalee",Trincomalee,8.7,81.2,https://www.google.com/search?q=site%3Atripadvisor.com%20%22Very%20crowed%20experience%22&btnI=1,1,Tourists,2018-08-01 00:00:00,HIGH
725,tripadvisor_csv,TripAdvisor Reviews,0.55,Tier-2 Community,Pinnawala,"The elephants were great but be very careful of scams like elephant rides,  agents take foreigners and try to charge them 6000 rupees for a 10 min ride which is a rip off, we got ours for 2000 which is still very expensive, small place you only need an hour there and not very good elephants are prisoners and its all a money making scam,  foreigners get charged 10 times more for entrance in Sri Lanka compared to locals why should they pay more its all a rip off",91,1,Overcharging,Overcharging,2,Moderate,,"Pinnawala Elephant Orphanage, Kegalle",Kegalle,7.3014,80.3844,https://www.google.com/search?q=site%3Atripadvisor.com%20%22Pinnawala%22&btnI=1,1,Tourists,2019-08-01 00:00:00,HIGH
726,tripadvisor_csv,TripAdvisor Reviews,0.55,Tier-2 Community,Huge disappointment,"If you short of time and/or money, you can easily avoid this place. This is basically a zoo (even worse than a zoo) than an orphanage. How often do you see children in orphanage tied up with chains and made to walk a long alleyway just so that a few tourists who paid exorbitant prices for tickets can watch them walk and feed them coconuts?

The elephants take bath in the pond which is at the opposite side of the road from the orphanage, twice a day. We were very excited that we reached just in time when the elephants were getting ready to walk through that alley to go to the pond to take bath. What we saw was very disappointing. Almost all the elephants were chained to their teeth. Most of them were missing their tusks (don't know when it happened) and almost all of them just sat in the pond and did nothing.

Inside the orphanage, it was the same story. You can see them grazing or can give them bananas or other fruits (there are extra charges for that as you can only buy the fruits from one of the shops inside the orphanage).

We were from the SAARC country so we paid 750 LKR per person for entry but I think for foreign tourists from other countries the fees is around 3000 LKR. It is highly overpriced and it's better to actually go to Marissa and watch whales in their natural habitat instead of seeing chained Elephants sitting in water.

You can do all the things you can do here at Dehiwala zoo in Colombo, including seeing Elephants taking bath.",278,1,Overcharging,Overcharging,2,Moderate,,"Pinnawala Elephant Orphanage, Kegalle",Kegalle,7.3014,80.3844,https://www.google.com/search?q=site%3Atripadvisor.com%20%22Huge%20disappointment%22&btnI=1,2,Tourists,2018-12-01 00:00:00,HIGH
727,tripadvisor_csv,TripAdvisor Reviews,0.55,Tier-2 Community,Elephants appearing to enjoy life,"The orphanage is great and the vast majority of the Elephants appear to be enjoying life.

They have various areas and pens and so some are chanied. But without knowing why, you cannot really judge on it being cruel, given that so many are roaming free.

If you go mid morning around 1030 or at 1430 in the afternoon you can see the elephants walked down to the river to bathe. It really is a beautiful sight and they appear to be thoroughly enjoying themselves.

We enjoyed our visit and these elephants appear happy.

Unlike the elephant tourist spots before or after Pinnawala which offer close ups and rides with the elephants. They are nothing but a rip off and it's distressing to see the elephants. We did stop off at the advice of our guide and wish we hadn't. A complete rip off. 

DO - Visit Pinnawala Elephant Orphange 

DONT - Visit any other tourist elephant spot before or after",161,1,Overcharging,Overcharging,2,Moderate,,"Pinnawala Elephant Orphanage, Kegalle",Kegalle,7.3014,80.3844,https://www.google.com/search?q=site%3Atripadvisor.com%20%22Elephants%20appearing%20to%20enjoy%20life%22&btnI=1,0,Tourists,2019-01-01 00:00:00,HIGH
728,tripadvisor_csv,TripAdvisor Reviews,0.55,Tier-2 Community,2 Weeks Volunteering,"Spent 2 weeks volunteering here as a family so gained some insight into the orphanage.
The orphanage would love to see all elephants in the wild, unfortunately this is impossible with pressures on land use by a growing population.  They cant introduce elephants to an existing wild herd as they would not be accepted.  All elephants in the orphanage have been raised in captivity so would seek out people if released and this would in turn create conflict risking the elephants life.
The mahouts do shout and use ashoks with elephants to ensure public safety.  To see behind the public face and watch them tenderly go over the elephants skin for 2 hours looking for problems shows their true feelings towards the animals.  They shout at the cleaners if the elephant houses are not sufficiently cleaned.
The prices are fair for tourists and cheaper for locals to encourage locals to visit, learn and take an interest in their own wildlife.  This is a government run organisation so the prices are set in Colombo, not by the orphanage.  The extra fee for feeding or bathing 
elephants is likewise set by the politicians.
The Elephant in the Room - chains.  These are necessary to manage the herd in a small area to keep public, staff and elephants safe.  Injured, sick and pregnant elephants are kept separate, but still taken for free time at the river away from the main herd. There are 19 elephants housed here which have been seized from illegal owners and are awaiting court cases so can't be put with the herd.  
In all we really enjoyed our 2 weeks here giving us an insight not gained during a short visit.  Volunteering is hard work and not for everybody.  We learnt about the politics behind a lot of decisions and saw the love held for these wonderful creatures by all the staff at the orphanage.",316,0,Safety Advisory,Safety Advisory (Non-Incident),1,Low,,"Pinnawala Elephant Orphanage, Kegalle",Kegalle,7.3014,80.3844,https://www.google.com/search?q=site%3Atripadvisor.com%20%222%20Weeks%20Volunteering%22&btnI=1,7,Tourists,2018-12-01 00:00:00,HIGH
729,tripadvisor_csv,TripAdvisor Reviews,0.55,Tier-2 Community,Horrible place. Pinnawala is a glorified zoo - or worse,"I had read up about Pinnawala Elephant Orphanage before I visited Sri Lanka and from what I'd read, I was honestly considering skipping the visit due to claims of animal abuse and unnecessary confinement. But as it turned out, I was part of a group and because the group wanted to go, I had little option but to tag along.

What I saw there truly horrified me.

1. Elephant calves were confined in a circular pen and their legs tied with metal chains that left little room for manoeuvre or free movement.

2. There was a tusker displaying a classic case of depressive symptoms - head swaying incessantly and bobbing up and down. Like the calves, he was also tied with a short metal chain in a small shed. 

3. A herd of elephants we saw there was so scared of the keeper that as soon as he entered the enclosure with his bull-hook, the terrified elephants literally fled away from him. The keeper was careful not to display any aggressive behaviour in front of the tourists but it was obvious from how scared the elephants were, that terrible things go on behind the scenes. 

4. While there, we saw a keeper repeatedly strike a pregnant elephant with a huge pole that had a metal spike at its end. He poked and struck her hard despite the presence of tourists there. I cannot imagine what must be going on once tourist hours are over.

We then headed off to the river adjacent to the orphanage where they take the elephants for a bath - hoping that at least there, the elephants must be free. But they were not. Even here, the elephants were tied with short chains while tourists threw fruit at them.

I would've compared Pinnawala Elephant Orphanage to a zoo but most zoos treat their animals better than this 'orphanage' does.

Pinnawala is not a place I would ever visit again. My money isn't going into a place that has made a business out of abusing animals that should've been returned to the wild. Plus, they breed elephants in confinement at Pinnawala. Real orphanages don't typically do that.

Instead, I would strongly recommend visiting the Elephant Transit Home near Udawalawe National Park. I haven't been there but from what I've heard, they are much more responsible in caring for orphaned elephants. Plus they return the elephants to the wild once they are old enough - unlike Pinnawala.",414,0,Safety Advisory,Safety Advisory (Non-Incident),1,Low,,"Pinnawala Elephant Orphanage, Kegalle",Kegalle,7.3014,80.3844,https://www.google.com/search?q=site%3Atripadvisor.com%20%22Horrible%20place.%20Pinnawala%20is%20a%20glorified%20zoo%20-%20or%20worse%22&btnI=1,9,Tourists,2019-11-01 00:00:00,HIGH
730,tripadvisor_csv,TripAdvisor Reviews,0.55,Tier-2 Community,"Not perfect, but not awful either","First things first, I saw no evidence of any physical abuse of the elephants during my visit to Pinnewala Orphanage. The elephants look well fed, clean and have no scars from chains or sticks as far as I could see. The keepers used goads to guide the elephants and to prevent the bulls trying to mix with the main herd of females/younger elephants, but I did not see a single one being hit. The chains used on some of the bulls look unpleasant, but they seem to be loosely fitted and not particularly irritating to the animals. Keeping such large and potentially aggressive animals under control is essential when they are in such close proximity to one another (bulls generally wouldnt mix with the herd in the wild) and to humans. The animals are corralled to be fed and kept in a certain (quite large) area of the river to be washed, but otherwise roam around a large natural reserve. 

Some of the extras put on for tourists (photos with the elephants, feeding/washing them etc) arent acceptable. The elephants are wild animals, not playthings or props, and they should be treated as such. A couple of keepers rode some of the bulls back from the river, which again I dont agree with. Additionally, perhaps more effort could be made to return some of the animals back to the wild, however I dont know anything about the practicalities  and of course this runs the risk of them being killed by farmers (the main threat to wild elephants in Sri Lanka).

All in all, as far as I could tell the Pinnewala Orphanage is not abusive to the animals in its care and is no worse than Western zoos. Keeping animals in captivity is never ideal, but the fraught relationship between farmers and wildlife in Sri Lanka make it impossible for all elephants to live in the wild. Perhaps in the future with better education, people all over the world will be better able to co-exist with animals and places like Pinnewala will be unnecessary. However, for now this place is the best of a bad situation.",362,0,Safety Advisory,Safety Advisory (Non-Incident),1,Low,,"Pinnawala Elephant Orphanage, Kegalle",Kegalle,7.3014,80.3844,https://www.google.com/search?q=site%3Atripadvisor.com%20%22Not%20perfect%2C%20but%20not%20awful%20either%22&btnI=1,5,Tourists,2018-10-01 00:00:00,HIGH
731,tripadvisor_csv,TripAdvisor Reviews,0.55,Tier-2 Community,Place To Avoid,"This sea turtle hatchery centre is a worrying concept. While I accept that there will always be those turtles that require help and assistance due to injury or birth defects, this place appears to be more of a sordid tourist attraction whose primary aim is to make money.  The entrance fee is 2000 Sri Lankan rupees,  and upon entry, the poor turtles are kept in small, unclean tanks, swimming aimlessly around in circles.  Yes, they are cute and are such beautiful animals,  but I do not believe that they are truly cared for or treated with love and affection. I believe that this was once a genuine going concern,  but now has simply become a way to make human' s money at the expense of these serene animals.  AVOID AT ALL COSTS, if you genuinely care for wildlife. This is simply a zoo. DISGUSTING!",144,1,General Scam,General Safety Incident,2,Moderate,,"Sea Turtle Farm Galle Mahamodara, Galle",Galle,6.0535,80.221,https://www.google.com/search?q=site%3Atripadvisor.com%20%22Place%20To%20Avoid%22&btnI=1,0,Tourists,2023-01-01 00:00:00,MEDIUM
732,tripadvisor_csv,TripAdvisor Reviews,0.55,Tier-2 Community,Feels dodgy,"When this was advertised as a conservation effort I was excited. I have had some great experiences with turtles in the wild. They are amazing, intelligent, beautiful animals. I paid the 500 rupee entrance fee and was immediately disappointed after walking in. They had large turtles alone in very small tanks (about the size of a single bed), these poor creatures were lifted out of the tank and passed around for each tour group that went through (about 5-10 mins apart).  A couple were obviously injured and I do believe that they wouldn't have survived in the wild, but I'm not convinced that their current circumstances are necessarily preferable. One (which didn't have any obvious injury) was showing signs of distress and biting the edge of the concrete tank. There were chunks missing from a few places of the tank, so she'd obviously been at it for a while despite the fact that we were told she was only there temporarily.

The baby turtles were listless, but I don't think I saw any dead ones. They have a hatchery at the back of the compound which is ostensibly the main part of the conservation effort. They pay locals to bring them eggs from the beach so that they can incubate and hatch away from predators (dogs and birds). I'm sure it has nothing to do with the 1000 rupees they can charge tourists to release a baby into the wild. 

The guide was knowledgeable and friendly enough. When asked whether the centre was involved in any conservation research or formal programs the answer was no.

Overall I was extremely disappointed and feel very guilty for giving my money to this business. I thought long and hard about writing this review because it may be that there is a genuine desire to perform some conservation efforts, however the more i think about it the more sinister it seems.

If you are genuinely interested in turtles, I'd advise you to take your chances and go on one of the may dive/snorkelling tours that are available in southern Sri Lanka. If you just want to see a turtle and have no concern for it's welfare, then this will fulfil your needs",378,0,Safety Advisory,Safety Advisory (Non-Incident),1,Low,,"Sea Turtle Farm Galle Mahamodara, Galle",Galle,6.0535,80.221,https://www.google.com/search?q=site%3Atripadvisor.com%20%22Feels%20dodgy%22&btnI=1,17,Tourists,2018-09-01 00:00:00,HIGH
733,tripadvisor_csv,TripAdvisor Reviews,0.55,Tier-2 Community,Uninspiring nature walk,"We were not overly impressed having already been to places like Sinharaja rainforest for a hike and Udawawale national park for safari. 

Its close to Kandy central and we stopped off during a day exploring on tuk tuk. 

The forest loop walk took us just over an hour. Whether or not this was due to timing/time of year we will never know but we really didnt see much wildlife. We visited around 3pm so perhaps why. We heard some birds and perhaps some monkeys but saw none on our walk. 

The trees etc are beautiful as always in Sri Lanka but we didnt feel that with the walk was warranting of the foreigner price of 1750 rupees for me and my wife included.

Also beware of many leeches on the walk. Would avoid wearing sandals like we did - silly from our side. 

Its nice enough but there are better walks in nature in Sri Lanka which are better maintained.",164,0,Safety Advisory,Safety Advisory (Non-Incident),1,Low,,"Udawattekele Sanctuary, Kandy",Kandy,7.2906,80.6337,https://www.google.com/search?q=site%3Atripadvisor.com%20%22Uninspiring%20nature%20walk%22&btnI=1,0,Tourists,2021-12-01 00:00:00,HIGH
734,tripadvisor_csv,TripAdvisor Reviews,0.55,Tier-2 Community,Amazing jungle; just mind the scamming Rangers,"This park is just incredible. The rangers at the front who sell tickets are scammers through. The entrance fee is 650 rupees. So I counted out 6 x 100 rupee notes and one 50 rupee note. They said ok and gave me a map (no ticket) but just 30 seconds after walking off they called me back and said that I was short 100 rupees. While my back was turned they pocketed one of the 100 rupee notes leaving only 5 on the counter. It was pointless to argue so I just handed over one more. 

Despite this the sanctuary is beautiful and well worth a visit. It's 250 acres just behind the Temple of the Tooth. Head west from the Temple up the street with the Pizza Hut and the Queen hotel on the corner. Go about 400m and turn right at the first set of traffic lights. Follow the winding road up the hill (easily walkable). 

The rainforest is pristine as it has been preserved by the Kings since the 1200s. The walking trails are well marked and easy. There are troops of monkeys which show no interest in people and which, unlike elsewhere in SE Asia are not aggressive and just walk calmly past you as if you're not there.  It's amazing to walk past a whole family of monkeys so close (within a metre) while they mind their own business, carrying their babies and grooming each other with none of the aggressive behaviour you usually see in monkeys that live this close to humans. In a 2 hour visit I also saw wild boar and tiny deer. It's so peaceful and lovely and incredible to think it's an easy 20 min walk from Kandy city. Just closely watch what you pay as you go in!",304,1,General Scam,General Safety Incident,2,Moderate,,"Udawattekele Sanctuary, Kandy",Kandy,7.2906,80.6337,https://www.google.com/search?q=site%3Atripadvisor.com%20%22Amazing%20jungle%3B%20just%20mind%20the%20scamming%20Rangers%22&btnI=1,6,Tourists,2016-02-01 00:00:00,HIGH
736,tripadvisor_csv,TripAdvisor Reviews,0.55,Tier-2 Community,A truly wild park - not Longleat,"We did 2 safaris at Wilpattu. One was an afternoon safari and one was an all day safari. 
Wilpattu is a big park and there are less roads than at Yala, but there are also a lot less jeeps, and for much of our wildlife viewing we were on our own. During our afternoon safari we watched a sloth bear feeding from a termite nest very close to the road. We were able to sit there for around 20 minutes and during that time we were joined by maybe half a dozen other jeeps - a complete contrast to Yala where around 30 jeeps were competing for a view of a sloth bear which was much further away from the road.
We saw lots of animals and birds. We didn't see a leopard but we saw plenty of evidence that they were around - lots of very recent footprints in the sand - it's down to luck whether you actually see one or not, but the chance is obviously increased by the number of safaris you undertake.
There is a place where they stop for lunch and breakfast where there is also a basic hole in the ground type toilet. Beware of all the monkeys there, who will steal your food at any opportunity!
As expected it is a very bumpy ride in the jeep and my husband suffered a bit as he has some joint problems - especially during the all day safari, which lasted from 6.15am to 6.00pm. However the advantage of the all day safari is that they can take you much further into the park, away from any other jeeps. This park is not for kids who will easily get bored - but it is a genuinely immersive wildlife experience.",293,0,Safety Advisory,Safety Advisory (Non-Incident),1,Low,,"Wilpattu National Park, Anuradhapura",Anuradhapura,8.3591,80.4187,https://www.google.com/search?q=site%3Atripadvisor.com%20%22A%20truly%20wild%20park%20-%20not%20Longleat%22&btnI=1,1,Tourists,2019-02-01 00:00:00,HIGH
737,tripadvisor_csv,TripAdvisor Reviews,0.55,Tier-2 Community,Worth a stop if you're passing by,"This place is certainly worth a stop if you're passing by, but I definitely wouldn't pay a tuk tuk to take me there. Yes it's impressive, yes it's beautiful, but it was packed with people, and there's really no place to just sit and soak in the feel of the place. Five or ten minutes, a few photos, and you're on your way. On the plus side, it's free. Also, I rode there from Ella on a scooter, and the ride itself was beautiful, enjoyable ride even without a waterfall. Beware of the beggers and of the snack sellers. I was charged an absolutely extortionist price on a coconut and some roti. One last note - some people hike in to the top of the falls. Perhaps this would've been a better experience?",140,1,Tuk-Tuk Scam,Tuk-Tuk / Transport Scam,2,Moderate,,"Ravana Ella Falls, Badulla",Nuwara Eliya,6.8667,81.0466,https://www.google.com/search?q=site%3Atripadvisor.com%20%22Worth%20a%20stop%20if%20you%27re%20passing%20by%22&btnI=1,0,Tourists,2019-01-01 00:00:00,HIGH
738,tripadvisor_csv,TripAdvisor Reviews,0.55,Tier-2 Community,"Awful, inhumane and filthy environment for Animals!!!!","Filthy awful zoo, my heart broke for the animals living in those conditions. We where charged $70 AUD for a family (4 times higher than the locals one thing I don't think encourages tourists to visit and let me tell you it was NOT worth it because I don't think much of that money goes to the poor creatures). The facilities where in a disgraceful state of neglect, we saw rotten food in the animal feed trays, rubbish everywhere. The entrance staff where very rude (because being rude to tourists really lures them in...crazy)! The toilet facilities OMG don't even ask about the state of those....disgusting!!!!! We left  feeling angry and really upset about the welfare of the animals! Apparently they get the elephants to perform, but all we saw was them chained up with a chain around each leg. But it was the state in which they where kept  :( It was the lowest point for our trip to Sri Lanka!!! Something needs to be done about that zoo!!!",174,0,Safety Advisory,Safety Advisory (Non-Incident),1,Low,,"National Zoological Gardens of Sri Lanka, Colombo",Colombo,6.9271,79.8612,https://www.google.com/search?q=site%3Atripadvisor.com%20%22Awful%2C%20inhumane%20and%20filthy%20environment%20for%20Animals%21%21%21%21%22&btnI=1,7,Tourists,2017-07-01 00:00:00,HIGH
739,tripadvisor_csv,TripAdvisor Reviews,0.55,Tier-2 Community,Inhumane and cruel,"I will just start with a straight ""avoid"". I was taken here by a Sri Lankan family friend, who told us we were going out for the day in Colombo. I don't mean to be so harsh on somewhere but it's not hard to see when animals are suffering. If you care about the welfare of animals at all, you really shouldn't go, as animals are kept in small cages, look very distressed and unhealthy. Let this be an indicator: they still hold elephant shows, where elephants lift their legs not because they have been 'trained' to do so, but because they have been repeatedly prodded in the leg with a sharp rod and are now avoiding it.
I'm very 'for' the growth of Sri Lanka's economy and tourism industry, but please do not visit this zoo.",142,0,Safety Advisory,Safety Advisory (Non-Incident),1,Low,,"National Zoological Gardens of Sri Lanka, Colombo",Colombo,6.9271,79.8612,https://www.google.com/search?q=site%3Atripadvisor.com%20%22Inhumane%20and%20cruel%22&btnI=1,2,Tourists,2016-06-01 00:00:00,HIGH
740,tripadvisor_csv,TripAdvisor Reviews,0.55,Tier-2 Community,An average National Zoo but the ticket price is quite steep even for a foreigner...,"Ayubowan! 

Visited this place on 21st December 2014 with a local buddy.

The location is easily reached by public buses. Upon reaching the Zoo entrance, I have sensed that something is not quite right as street peddlers, beggars are all over the place and the entrance is quite dirty littered with garbage.

While at the ticket booth, I saw a notice sign telling the entrance fees...Foreigner 2500lkr and Local 100lkr. My friend was surprised with the fees hike since his last visit which was 1500lkr and asked me if I would like to proceed. Since we were already there, why not to go ahead with the plan for the day (we reached about 1.30pm as the weather is drizzling slightly and cool). I really wanted to see and explore a Zoo that is charging high fees as I made Zoo visits a must when visiting foreign countries. 

Well, the first impression at the entrance is already at the point of shocked and disbelieved therefore I do not have high expectation and will now on only highlight the stronger points, enjoy and make the best out of it. First greeting is from the Flamingo on the left and bald bodied Ostrich on the left. Errr...did I mentioned bald bodied ostrich, yup something is wrong. Most of the avian settings are all wet from the weather. The ostriches are losing their feathers and they even have bloodied ends.

Then next salt water aquarium and the fresh water aquarium display. That 'cave tunnel' is very dark with poor or almost no lighting...all you can hear is water dripping in the river setting on the right and the poor tank display on the left...people are pushing their way trough and children are everywhere running...have to be very careful or else you might trip and fall into the 'river'...the 2nd part of the 'cave tunnel' is much better...more lighting and the tank display are more newer and minus the river, more attractive and better maintained. Then at the exit there is a pond with glass viewing panel with hundreds of colorful carps swimming in it. 
In order to cover the compound to the maximum, all you need to do is to follow the cage number direction arrows (1 - 60). The macaw enclosure with yellow dusty soil cover at the bottom are literally infested with rats! They burrowed underneath the ground and feeds on the leftover food from the macaws...then the other cages of the eagle owl and so forth are not spared from litters, dirty water buckets, dried water dish and rusty cage wired mesh walls. What they did was patching up the cage with another layer of mesh. The display cages are basically their permanent home and some has no roosting box eg the african grey parrot. The only lemur collections that can be seen is the lonely ring tailed lemur which loves some head and snout rub...the others maybe inactive. 

Butterfly enclosure is empty too...expected to see all the sri lankan endemic species but...again the enclosure was infested with rats. The waterfall next to the meerkats and ferrets were supposed to house the mute swans but only the domestic goose was seen. We paused the visit at cage no13 because we wanted to see the sealion performance at 4.30pm therefore we adjourn to the sealion arena. It was an open seating place underneath a huge tree but the seating area is soaking wet from the rain and have birds dropping everywhere. The water in the pond where the sealion swims is green and full of leaves litters too. It was a 20 minutes show. 
After the show, we continue from where we stop. 

The open aviary is not really 'open' as peacock, hornbills and white koel are in cages within the aviary. Only ring necks, some fowls and mynah are free flying. Most of the big cats pens are closed for reconstruction, the jungle cats enclosure are dark and smelly...while other bigger animals such as the elephants, tigers, deers, orang utan, rhino and giraffes have fairly bigger enclosure as to compare with the others. Some of the monkeys need medical attention, esp the obese white toque monkey, the formosan monkey that has facial skin problem and they seems lethargy too. Well with the costly entrance fee, the toilets are being charged at 30rs per person. 

As a conclusion, I am 80% happy with this visit as they have quite varied species collected for display. The balance is sad with the avian settings, animal health conditions, the cleanliness and not enough time. Whether if it worth the money paid is up to individuals but indeed this is a pricey one.",790,0,Safety Advisory,Safety Advisory (Non-Incident),1,Low,,"National Zoological Gardens of Sri Lanka, Colombo",Colombo,6.9271,79.8612,https://www.google.com/search?q=site%3Atripadvisor.com%20%22An%20average%20National%20Zoo%20but%20the%20ticket%20price%20is%20quite%20steep%20even%20for%20a%22&btnI=1,7,Tourists,2014-12-01 00:00:00,HIGH
741,tripadvisor_csv,TripAdvisor Reviews,0.55,Tier-2 Community,A diverse range of animals to see,"Yes, quite a few cages are too small and need renovating, but it is evident to see that slowly the zoo is tackling these issues with a large elephant enclosure renovation going on. I arrived around 10.30am on a Saturday morning nad the keepers had already fed most animals a tasty array of fruits/grass/vege etc and cages were clean or in the process of being cleaned.The animals are not neglected although their housing conditions could be improved. however it was interesting to see such a wide range of animals, and the zoo was quite well laid out. People watching is almost as much fun as the animals, and there are so many cute little Sri Lankan kids around. I didn't try to restuarnats but icecreams and drinks were widely avaialble in the park. Entry a little expensive for foreigners but all information panels have at least one section for english. I went by myself, and as a single lady traveller, was pleased not to be hasseled or nagged by anyone during my visit. Beware of the touts outside peddling fruit and plastic kitsch. Happily I had a driver waiting for me, but unless you are confident with the bus system, I would recommend taking a tuk-tuk or a taxi to the zoo. It would take quite a long time by bus from Colombo.

Your ticket includes the priveledge of the tourist loos (chargeable one) but mae sure to take your own loo paper. A great way to spend a few hours, and probably best to visit in the morning when the zoo first opens to avoid the crowds.",274,1,Tuk-Tuk Scam,Tuk-Tuk / Transport Scam,2,Moderate,,"National Zoological Gardens of Sri Lanka, Colombo",Colombo,6.9271,79.8612,https://www.google.com/search?q=site%3Atripadvisor.com%20%22A%20diverse%20range%20of%20animals%20to%20see%22&btnI=1,1,Tourists,2014-10-01 00:00:00,HIGH
743,tripadvisor_csv,TripAdvisor Reviews,0.55,Tier-2 Community,AN ABSOLUTE SHOCKER!!!,"i've visited many zoo's before around the world but this one has to top them all of being the WORST zoo i have ever been to in my life! i was sicken and distaught and absolutely disgusted at the way the animals were kept in this place. i've added some pics please check to see how the animals are being kept. The most shocking for me was these fish called arapaima which are very large fish and the tank that they were in was not enough even for them to move around in. I felt sick! the second reason and final which made me just walk out of the place was the elephants and how they were tied up to the chains. i understand to tame and control these elephant a chain is often placed around the neck and around the ankle so they don't start running off but despite that i prefer that were at least the animal can still move around freely but at the zoo they were all 15 of them were tied up with the back leg and the front so much so that they had no movement what so ever to move around. what broke me down and even now as i'm back home is bringing a tear to my eye was seeing one of the elephant looking at me and it raised one of its chained legs. now you don't have to be a zoologist to realise that it was saying to me please release this off my leg. absolute heart breaking!!. These guys that should be looking at the walfare of these animals have absolutely no regard for them what so ever. i don't know. maybe in this part of the world its acceptable to treat animals like this but any person who has a humain side to them would thick once before doing what the zoo keepers are doing in colombo zoo. i would recommend foreigners stay away from this hell hole that charges 2,000 rupees to see what hell animals are living in!!",350,0,Safety Advisory,Safety Advisory (Non-Incident),1,Low,,"National Zoological Gardens of Sri Lanka, Colombo",Colombo,6.9271,79.8612,https://www.google.com/search?q=site%3Atripadvisor.com%20%22AN%20ABSOLUTE%20SHOCKER%21%21%21%22&btnI=1,9,Tourists,2012-10-01 00:00:00,HIGH
744,tripadvisor_csv,TripAdvisor Reviews,0.55,Tier-2 Community,Rip off - 20 times higher entry fee for foreigners.....,"The first thing what I noticed was that Sri Lankan nationals have to pay 100 Rp but everyone else 2,000. This is a rip off. The zoo itself has nice gardens but the cages for the animals are old, too small and dirty. You really feel for them in their much too small prison. Can't recommend it at all.",61,1,Overcharging,Overcharging,2,Moderate,,"National Zoological Gardens of Sri Lanka, Colombo",Colombo,6.9271,79.8612,https://www.google.com/search?q=site%3Atripadvisor.com%20%22Rip%20off%20-%2020%20times%20higher%20entry%20fee%20for%20foreigners.....%22&btnI=1,0,Tourists,2013-04-01 00:00:00,MEDIUM
745,tripadvisor_csv,TripAdvisor Reviews,0.55,Tier-2 Community,A Zoo Which Requires A Lot Of Improvement,"If you are a tourist looking for things to do during your stay in Colombo-avoid the zoo. You d be disappointed at the price you pay to enter, the conditions of facilities, health of animals. 

Dehiwela Zoo used to be much better managed not too long ago. Its spread over a large area with amazing scenery and wide ranging terrain. It also had a large collection of animals. But somethings gone wrong somewhere down the line and the zoo requires serious attention of relevant authority.",86,0,Safety Advisory,Safety Advisory (Non-Incident),1,Low,,"National Zoological Gardens of Sri Lanka, Colombo",Colombo,6.9271,79.8612,https://www.google.com/search?q=site%3Atripadvisor.com%20%22A%20Zoo%20Which%20Requires%20A%20Lot%20Of%20Improvement%22&btnI=1,0,Tourists,2015-06-01 00:00:00,HIGH
746,tripadvisor_csv,TripAdvisor Reviews,0.55,Tier-2 Community,Worst experience. Asking for entry fees in a Buddhist temple. SHAMEFUL!!!,Shameful experience!!! Asking for entry fees n buddhist temple is like selling the religion for petty gains.i was refused entry as I was not willing to pay then it came to donation. I'm a proud hindu from India and this I have not seen in any part of the world I have visited. Buddhism is one of the most spiritual religion I feel away from all materialistic charms. But people at this temple are robbing the visitors asking for entry fee and refusing people who are not willing to pay. I even complained to a cop there but seems he was a part of the charity show. I told some foreigners entry is free and people started fighting with me why are you telling to others. After a long argument I finally went in but had lost the spirit by then so could not concentrate. Thereafter not visited any temple in colombo.,154,0,Safety Advisory,Safety Advisory (Non-Incident),1,Low,,"Gangaramaya (Vihara) Buddhist Temple, Colombo",Colombo,6.9271,79.8612,https://www.google.com/search?q=site%3Atripadvisor.com%20%22Worst%20experience.%20Asking%20for%20entry%20fees%20in%20a%20Buddhist%20temple.%20SHAMEFUL%22&btnI=1,0,Tourists,2023-05-01 00:00:00,HIGH
747,tripadvisor_csv,TripAdvisor Reviews,0.55,Tier-2 Community,Constantly bugged for extra cash. Somewhat overhyped.,"It was okay. We both felt we had seen better temples. The staff we quite rude and abrupt. We were hounded by people to be our guides as we approached the temple. To the point where we had to shout no and they wouldnt take no for an answer. As foreigners we had to pay 3000 which was a lot we felt. A so called guide even followed us into the check in gate and got annoyed when we politely said no thank you. More persistence. Then we were told without a guide we wouldnt understand. This is not true as just about everything is translated to English. There was a booth to leave our shoes at and when we returned we were hounded again for money for looking after our shoes. We already paid far more than we expected to get in so no thanks! A staff member followed us around when we were in a museum and made me show my ticket a number of times. It all felt like harassment. We are really not made of money, quite the opposite in fact. Something I thought was strange is even though you have to remove your shoes, all the staff didnt which made me ponder what was the point. How can it be rude for us to wear shoes and not them? The tooth display itself was okay but of course you could
Not see it so who is to say it was really there?

Hey we can appreciate the religious/cultural significance - we arent made of stone but we had heard Sri Lankan people were welcoming: They are when they want your cash!",280,1,Harassment,Harassment / Assault,2,Moderate,,"Temple of the Sacred Tooth Relic, Kandy",Kandy,7.2906,80.6337,https://www.google.com/search?q=site%3Atripadvisor.com%20%22Constantly%20bugged%20for%20extra%20cash.%20Somewhat%20overhyped.%22&btnI=1,0,Tourists,2021-11-01 00:00:00,HIGH
748,tripadvisor_csv,TripAdvisor Reviews,0.55,Tier-2 Community,Religious significance,"This temple is the main attraction in kandy for locals and tourists. However, they rip off the tourists with high entrance fees while the locals go in for free.  This temple is meant to house the tooth of lord buddha but visitors cannot actually see it. It's nice inside but very busy.  Dress standards are strict to enter the temple. Ladies need to wear clothing which extends below knee level and also covers shoulders.  Men need to wear long pants and shirts. There are a lot of guides at the entrance who will take you in to explain things and charge around 1000 rupees. Try and get a good guide fluent in english. Also watch out for your valuables as it's very crowded inside.",126,1,Overcharging,Overcharging,2,Moderate,,"Temple of the Sacred Tooth Relic, Kandy",Kandy,7.2906,80.6337,https://www.google.com/search?q=site%3Atripadvisor.com%20%22Religious%20significance%22&btnI=1,1,Tourists,2019-11-01 00:00:00,HIGH
749,tripadvisor_csv,TripAdvisor Reviews,0.55,Tier-2 Community,Foreigners Pay High Entrance Fee and locals are free,"What is the sense in charging anyone to enter a site that is designated as a place of worship?  Another place where Sri Lankans grab money from foreigners.  

They should stop using animals for their parades held in August.  The elephants are chained and harassed by the mahouts.",48,1,Harassment,Harassment / Assault,2,Moderate,,"Temple of the Sacred Tooth Relic, Kandy",Kandy,7.2906,80.6337,https://www.google.com/search?q=site%3Atripadvisor.com%20%22Foreigners%20Pay%20High%20Entrance%20Fee%20and%20locals%20are%20free%22&btnI=1,0,Tourists,2019-09-01 00:00:00,MEDIUM
750,tripadvisor_csv,TripAdvisor Reviews,0.55,Tier-2 Community,Not a great experience,"Not a great experience. Got scammed on storing our shoes (when we wanted to take them in our bag). Ive heard others were scammed by the ticket guides (2,000 LKR is the new price) and those getting guides or taking flowers from people inside also. It was too rammed with no crowd control. An elderly Sri Lankan man fainted it was so packed. Left a bad taste in our mouths for what is supposed to be a deeply religious spot for Buddhists. Also made me dislike Kandy (as scammers had tried us for Tuk Tuks, hotel staff seeing you on the street and taking you to a market, etc. Inside is okay, but hard to know what is what and youre asked for constant donations. Dont bother.",132,1,Tuk-Tuk Scam,Tuk-Tuk / Transport Scam,2,Moderate,,"Temple of the Sacred Tooth Relic, Kandy",Kandy,7.2906,80.6337,https://www.google.com/search?q=site%3Atripadvisor.com%20%22Not%20a%20great%20experience%22&btnI=1,0,Tourists,2022-12-01 00:00:00,HIGH
751,newswire_lk,Newswire.lk,0.63,Tier-1 Press,Two smart kids help police arrest thieves who robbed a foreigner,Two Sri Lankan children have assisted the Police in tracking down two suspects who had assaulted a Turkish female touristContinue Reading,21,1,Physical Assault,Physical Assault,2,Moderate,0.0,Sri Lanka,,,,https://www.newswire.lk/2023/10/27/two-smart-kids-help-police-arrest-thieves-who-robbed-a-foreigner/,0,Tourists,2026-08-06 10:43:11,MEDIUM
752,youtube,YouTube Safety Videos,0.5,Tier-2 Community,Tourist scam hotspot in Sri Lanka 🇱🇰,"So I'm just going to be a bit careful. >> Black or white? Same color to different black and white. You're from >> England. How long? >> Uh this is my first day. >> Oh good. >> Yeah. Good. >> You're coming for holiday or business? >> Holiday. You're from Sri Lanka? >> I'm from Candi. I'm working in Goldface Hotel. I am in the local manager. >> Oh, okay. >> You stay in Goldface Hotel? >> No. >> How many days you stay in Sri Lanka? Uh one week. >> One week. >> Yeah. >> Only one day is colo. >> Yeah. >> You coming from Sri Lanka but lucky today is Langanese already. >> Yeah. >> Buddha holiday. >> Oh okay. >> That's why now all the things is closed. >> Yeah. >> Where are you going now? >> I'm just walking. >> You can see the big ceremony ceremony and Hindu festival and elephant festival. M. >> Yeah. Just now we start the big ceremony. You know I hope all the people now going in this big ceremony. >> You know Gangarama temple. >> I'm okay. I'm just going to walk. Thank you. >> Okay. I don't think I'm going to be staying here long because everyone's trying to take me on one of these tours which I've heard about. You need to be a bit careful. So I think I look like an easy target. Not going to stay here long, I think.",232,1,Tourist Scam / Warning,General Safety Incident,2,Moderate,-0.5,Sri Lanka,Colombo,6.9271,79.8612,https://www.youtube.com/watch?v=vePFUm3SbZE,0,Tourists / Travel Vloggers,2026-08-06 10:51:08,HIGH
753,youtube,YouTube Safety Videos,0.5,Tier-2 Community,Tourist Trap Or Scam? Avoid This In Sri Lanka,"in this video i'm going to explain and show you 
two tourist traps that i came across on one of   my first days here in colombo sri lanka and some 
people even call this a scam i would disagree with   that i think it's just a tourist trap and not a 
scam i'll explain in a minute why but feel free to   also share your thoughts about it in the comment 
section down below do you think it's a scam it's   a tourist trap or do you even think it's a legit 
business maybe we can start an open discussion   about that in the comment section down below and 
yeah maybe this video can help some people to   avoid ending up in similar situations and just 
be aware of this situation and yeah before i   start to explain and show you what happened to 
me uh two quick little disclaimers first of all   situations like this can happen anywhere in the 
world not only in sri lanka i know for example   that something similar is also known to happen 
in bangkok and even in my home country in germany   when i was visiting berlin our capital i came 
across something very similar so it's not only   in sri lanka and the second disclaimer this is not 
representative for the overall genuinely friendly   people here in sri lanka so far 99 of people 
i have met were super welcoming and friendly   towards me so please don't think anything bad 
about sri lanka because of this this can happen   anywhere and it's not representative for the 
people here but yeah what actually happened so   i was out exploring around colombo on one of my 
first days in the city and after a long day of   walking around and filming a video i was actually 
quite tired and i just wanted to go back to my   hotel so there was a tuk-tuk driver approaching 
me and he asked me hey where you want to go   i showed you my hotel on my phone on google maps 
and he said hey i can drive you there for free   but we have to make a stop at my friend's shop you 
have a look for five minutes you don't need to buy   anything and then i drop you off at your hotel for 
free and i knew immediately what this is about it   works like this the shop pays a commission to the 
driver or a catch of whatever i buy in the shop so   he makes money when i spend money at the shop and 
i told him hey i know how it works i know you get   a commission from then you get a cut of whatever 
money i spent there but i'm happy to just pay for   the ride without the stop just going straight to 
my hotel but then he was like hey brother please   help me they will give me a voucher for gasoline 
which is worth more money than the amount of money   you would pay me for the ride please help me it's 
just five minutes you don't need to buy anything   and then i drive you to your hotel for free and 
then i told him listen i know you get a commission   but i will 100 not buy anything there and then he 
said yeah no problem no problem just have a look   no need to buy and then it was actually 
my mistake i was too naive instead of just   leaving and findi",603,1,Tuk Tuk Scam,Tuk-Tuk / Transport Scam,2,Moderate,-0.5,Colombo,Colombo,6.9271,79.8612,https://www.youtube.com/watch?v=khdA5j_MYGU,0,Tourists / Travel Vloggers,2026-08-06 10:51:12,HIGH
754,youtube,YouTube Safety Videos,0.5,Tier-2 Community,"Don&#39;t Trust This Man in Colombo, Sri Lanka 🇱🇰","Don&#39;t Trust This Man in Colombo, Sri Lanka 🇱🇰. Avoid these guys who stalk tourists and then try to take you on a tour. For sure you're going to get scammed, cheated and ripped ...",36,1,Harassment,Harassment / Assault,2,Moderate,-0.5,Colombo,Colombo,6.9271,79.8612,https://www.youtube.com/watch?v=Iv7z_5f7CqQ,0,Tourists / Travel Vloggers,2026-08-06 10:51:17,MEDIUM
755,youtube,YouTube Safety Videos,0.5,Tier-2 Community,"Avoid this tourist SCAM in Colombo, Sri Lanka. 🇱🇰","okay it was my first day in Colombo, Sri
Lanka. I'd just left my hotel in the Colombo Fort area and I'm out doing a wee bit
video blogging, when this happened. No not the Chinese posing for photos, that's pretty normal. I'm talking about the beggar that's in
front of me. He shouts something as he sees me coming. How are you sir.
Now as I walked past them you can see a man and a red polo shirt walking in the
opposite direction. As soon as I pass him he does a sharp U-turn and gives a thumbs
up to the beggar, who doubt has just alerted him to my presence. So, unaware to me at the time, he starts following me. I walk pretty fast so I
know if somebody's walking at the same pace as me it's no coincidence, that guy
wants something. So I'm out exploring with a general direction in mind of where I
want to go and I think I'll turn round this corner. Oh and so does he. I think I'll
change my mind and cross this road. Oh and so does he. So I run across the road.
And so does he. Yeah I'm fast it's no problem for me mate.
I'm a fast one. Anyway, I'd finished saying what I wanted to say to my
GoPro and stop recording and put it down and it was at that point that the fella
started talking to me so I sneakily hit the record button again and just kept
the camera down at my waist so it didn't look like I was filming because I kind
of knew that this is going to be some kind of scam or something like that.
Nobody approaches a tourist in this kind of manner,
speaking perfect English like this it just never happens without it being a
scam so I kinda knew straight away When you come to Sri Lanka, today?
 ah yes but I've been here before Other side more beautiful. You go other side.
Why?
Take a photograph. There's nothing there.
There's more beautiful, uh?
This place, Red Mosque, Tsunami Temple. The Red Mosque, yeah I'll take a look, yeah.
When you came Sri Lanka, today? Today but I've been before. It's the second time.
Ahhhh, Sri Lanka. Okay, so he starts by asking if it's my first day in
Sri Lanka and if I've been here before. Basically what he's asking me is, 
""how much of a noob are you?""
""How easy is it gonna be for me to scam you right now""? Very beautiful.
Go this one. No I want to walk around this way.
This way nothing here.
It's OK, I just want to walk around, I have a lot of time. So straight away he's
enthusiastically trying to coax me in some other direction by telling me about
oh a beautiful temple that you need to go and see. Unfortunately for him I'm not
a sheep. I'm not that easily led and also I'm not really interested and visiting
some random temple. I mean I've seen enough temples in my life that I could
easily go the rest of my life without ever seeing another one and being quite happy about it. If you told me there was a place over
there giving away free ice cream, or there's a place where
really hot girls hang out or there's a retro Nintendo Museum or something like
that he may have got my interest but some temple, nah, not interested mate. Where y",626,1,Transport Fraud,Tuk-Tuk / Transport Scam,2,Moderate,-0.5,Colombo,Colombo,6.9271,79.8612,https://www.youtube.com/watch?v=7ToBt0KWJw8,0,Tourists / Travel Vloggers,2026-08-06 10:51:19,HIGH
756,youtube,YouTube Safety Videos,0.5,Tier-2 Community,Avoid This Scam Setup In Sri Lanka,asking to write a letter basically we're just walking on this local man they stopped us and asked us if he can write him a letter yes and my bed where how my house there like what happened I don't know writing lady okay I want to write letter I translate to English to write me five minutes like it's more like that but you're in the computer no no computer no for my poor losing on the sea that's why I write in letter you want me to write you a letter yeah sir right yes we're going to write a letter hey up what's your name my name [Music] I'm Mario and this is Olivia nice to me sir nice to meet you okay we usually wouldn't be the guy seem like relatively desperate so we decided to just he said he's official and he lost his phone off the boat so yeah okay like a text online or no it's a letter on paper there's someone called Peter I have no idea he's a big threat okay hello hello what we're ready to ride this oh the fish ah fish yeah no it's an ancient fish extinct already yeah yeah look my silver silver okay so you like your ganja there's a ganja Leaf there let's go home huh you like Google maybe yeah yeah you come after helping the police okay okay I'll pull the boat yeah yeah you go tomorrow also tomorrow so yeah today turn is VR uh we go now except fishing if you want to go you can go okay no problem okay okay well I'm here for quite a long time you guys go every every day yeah after tomorrow morning 8 o'clock finish okay okay right write the letter Olivia hello dear Peter how are you okay oh my writing is good enough I am fine my family my children okay what is the boat this is not that side okay so you can fix it from this one yeah yeah the big red comment my boat is broken okay so the boat is currently broken oh Peter can read my writing sorry I lost my phone in the seat yeah that's why I cannot call in on the right eye letter okay he buy me big is the board last month last year can you like it you basically wanna text write him a letter that your boat is broken and you don't have a phone because you lost it in the sea and that he needs this type of fiber for three kilos of it to fix the bud all right I see can you like your small help me buy three kilos of fiber basically yeah help me okay okay okay help me with the fiber you know feet that are coming December again and we not have enough time right so basically he's only asking us to get to buy some three kilos of fiber ourselves um so we we thought it will help you to write a letter for you for the Peter and this is it yeah bye and then I don't know it's not test fancy you know no it's not about that it's not about that you didn't set about the fiber in the beginning you know if you would have said that might have considered it to go or not to go with you but uh you asked to write the letter so here's the letter yeah what else you need to write in the letter is it finished yeah is the letter finish okay no worries okay okay thank you thank you so in the end it all ended up being a tiny lit,653,1,Harassment,Harassment / Assault,2,Moderate,-0.5,Sri Lanka,Colombo,6.9271,79.8612,https://www.youtube.com/watch?v=Msl7BdI2Mys,0,Tourists / Travel Vloggers,2026-08-06 10:51:21,HIGH
757,youtube,YouTube Safety Videos,0.5,Tier-2 Community,Sri Lanka&#39;s WORST Scammer!,this is the sneakiest scam in all of Sri Lanka this Tuk Tok driver tried to pull three scams on us within a couple minutes first changing the price at arrival we went there yesterday for 500 s we agreed Eight Second is the classic jewelry store scam where he receives compensation for every tourist he brings to this shop they have big sale store you see that we're going to go straight to the market we insisted many times we don't want to stop but of he still stopped got out and walked us inside it's literally a shop without windows and the only reason I did go in was for a video but usually scam operations are camera sensitive I think camera on okay then I'm just going to go the last scam was lying to us in order to sell us a tour we go to P today half day is a wonderful finish regardless we'll just go check it out I can tell you good idea you like go to the side SE no we don't want to S we insisted we still wanted to go to the market and it was very much open,205,1,Tourist Scam / Warning,General Safety Incident,2,Moderate,-0.5,Sri Lanka,Colombo,6.9271,79.8612,https://www.youtube.com/watch?v=ue-bqCUVX5M,0,Tourists / Travel Vloggers,2026-08-06 10:51:26,HIGH
758,youtube,YouTube Safety Videos,0.5,Tier-2 Community,Scammed on Sri Lanka&#39;s Worst Beach! 🇱🇰,"milk sugar okay no rice how much is this 5,300 5,000 for this milk cigarette very that's 20 quid well we just fell for the oldest trick in the book and got scammed the be then all right bro it's okay all right take care take care mate take care mate know not hungry I'm going now our time in Asia is sadly coming to an end so we figured we'll come to one last final country which trust me you going to love it's a country full of characters and full of crazy adventure so guys welcome to Sri Lanka welcome to Sri Lanka let's do this now it's actually my third time in Sri Lanka but it's cat's first oh yeah so she's super excited to be here me I was here like 8 years ago but I've not seen much of the capital Columbo which is where we are right now now I spoke to my hotel this morning I said listen where is the most chaotic part of the city and they said get in a rickshaw and go to peta peta downtown Columbo so we're going to go there now and see if the rumors are true let's go hello hey brother yes sir I go to P Market P Market yes how much please P Market that's go come on thank you 1,000 rupees I have no idea how much it even is I disagreed to it how much is it £271 there you go £271 for um 1,000 rupes right all right yeah £271 for 20 minutes in a rickw here in a cap not too bad yeah busy Place busy Place busy crazy busy l with career Peta PETA this P okay this is p oh yeah okay okay yeah we're trying to go right to the center of PETA where the craziness is so hopefully it takes us to the right place here you go brother thank you so much all right then welcome to Peta here downtown Columbo let's see if this place is as crazy as people say doesn't look it I mean it looks pretty quiet but who knows what we'll find this ain't busy at all it's just a quiet street with a few shops but this is it apparently this is PETA downtown here at Columbo God I hope it gets a bit more hectic than this there's people spitting behind me so it's getting a bit more crazy down this hey how are you excuse me looking for what are you selling DVDs DVDs wow can I ask you a question yeah where is the most busy parts of Columbo Colo the busiest Parts people's part busy busy busy busy right that guy couldn't help maybe if he walk down to the end of the street we'll uh see if we can find anything a bit more hectic here we go this is more like it there a bit more people down this end of the city what's up trimmer you want I'm okay PC penc us so it appears we're in the market part of the city judging by the hecticness but I'll tell you something I do need W areia and that is a wallet cuz my wallet's got a giant gaping hole in it all the money keeps falling out all the coins and everything so let's try to find a wallet oh there some here look here we go 1,000 how much is 1,000 I have no idea no idea this one is 350 What's 350 in Sri Lankan rupes a quid let's get let's get a better one can I have one of these please three quids all right let's get a three quid one yeah that'll do right",671,1,Transport Fraud,Tuk-Tuk / Transport Scam,2,Moderate,-0.5,Jaffna,Jaffna,9.6615,80.0255,https://www.youtube.com/watch?v=Oxptm7fx9XA,0,Tourists / Travel Vloggers,2026-08-06 10:51:28,HIGH
759,youtube,YouTube Safety Videos,0.5,Tier-2 Community,Common Scams in Sri Lanka (Tourists &amp; Expats) – 2026 #srilanka #traveltips,"Sri Lanka is friendly, [music] but like any country, scams exist. Here are common scams foreigners [music] should know in 2026. Some touk touk drivers overcharge tourists. [music] Always agree on the price first or use ride apps. Unlicensed guides may approach foreigners near temples and dot tourist [music] spots. Use official guides or book through hotels. Some shops sell fake gems or overpriced [music] souvenirs. Buy only from certified stores. Avoid street money changers. [music] Use banks or authorized exchange counters. Most people in Sri Lanka are honest. Knowing these scams helps you enjoy your stay safely. Subscribe Sri Lanka Insider for more traveling tips.",106,0,Safety Advisory,Safety Advisory (Non-Incident),1,Low,0.3,Sri Lanka,Colombo,6.9271,79.8612,https://www.youtube.com/watch?v=8Gvta8g0lGI,0,Tourists / Travel Vloggers,2026-08-06 10:51:29,HIGH
760,youtube,YouTube Safety Videos,0.5,Tier-2 Community,Avoid This Sri Lankan SCAM!🇱🇰,good afternoon guys and welcome back to another video here in colombo sri lanka today i'm going to be going for a little shoe clean i spotted him earlier and i said i'm going to come back to you and i'm i'm walking up to him now i'm with the man ali as well hello hello and uh yeah we're coming up to him hello machan commodore is this your shop yeah it's a nice shop you can you can clean these yeah they're very dirty yeah oh he's taking my shoes off without me uh wrongly saying but i guess we'll do it can you give me a price yeah let's see advice oh he's giving me the sandal spot on okay so i still i still don't know the price um sri lanka i'm from sri lanka sri lanka okay oh no yeah british country yes england england yeah nice country no yeah boss yeah yeah yeah i actually got my all my washing clothes washing uh cleaned i like your shop boss these are your tools wow you oh you repair shoes as well yeah wow can you give me a prize yeah it's very very hot he's standing out there's absolutely no shade here at all so like he must be working pretty hard he's got all these different materials here you know he's got like all the all the tools for cleaning all the tools from repairing i guess these are maybe oh what are these you selling they saw you my shop but what are these shoes for oh i saw you soil okay so we still haven't got the price which which i think means only one thing but we'll uh we'll go we'll go with it can you give me the price yeah small place can you usually people give it to you before before you do it not after so first of all he's using uh just like a t-shirt i'm just explaining it's being you're empty my country yeah which people you are talking this one yeah phone phone yeah oh my god it's cool and he's just cleaning it down uh the main thing is like the the sides need doing uh but you're doing a pretty good job i guess it's just water first how many how many cl uh how many shoes have you cleaned in your life a small size 30 year 35 years experience 35 years wow that's so good daddy you know after i am saving oh your dad's i am six country going six uh dubai wow you've been there and did this english arabic you speak arabic saudi the gentleman of sri lanka okay so what's this this that's all coming ah wow very professional these these vans funny story about these vans you know i'm not really much of a clothes man myself but um i bought these fans just before the pandemic in january two years ago now and i haven't bought any other like trainers like that since you know they've lasted me a long time i've got a few shoe cleans what is it it's a hydrated spray hydrating spray oh awesome it's awesome this is bottle separate i put the ninjas and then chemicals oh okay it's it's not it's not the bottle it's he's put something else in it oh what's this bus oh you got some coffee okay so he's just he's just cleaning even more he's really getting in there hopefully your shoes don't turn black this place black yeah well we'll see what he,655,1,Tourist Scam / Warning,General Safety Incident,2,Moderate,-0.5,Colombo,Colombo,6.9271,79.8612,https://www.youtube.com/watch?v=Wpt_7rQ5Feo,0,Tourists / Travel Vloggers,2026-08-06 10:51:31,HIGH
761,youtube,YouTube Safety Videos,0.5,Tier-2 Community,Avoid this tourist trap in Sri Lanka 🇱🇰,oh I've drawed on you okay welcome to Tessa mahara everybody thank you thank you stupid where do we go now we need bus number three yeah corinda we need to get on that one yeah we're going to corinda where are you going also get in there oh and my hometown is there very good or you can you can join us now [Music] oh no I don't think it's actually half an hour huh I don't think it's it's like leaving soon we'll hop on oh no the bus is gone yeah John yes I'm good how are you all right oh we don't need no support we don't make it no we don't need it why do we have Hotel [Music] I don't know if I can believe you anymore because you said this bus didn't leave for 30 minutes I'll let I'll let you know yeah yeah but I'm a little bit preoccupied with this boss [Music] that guy that was talking to me he just jumped off the bus this whole um that's this whole scam slash uh oh tourist trap be careful all right we finally got a seat on the crazy bus [Music] a seat here but I don't think we actually have much longer on here maybe like five minutes we're already halfway uh between Tessa and corinda maybe like we're probably like three quarters of the way there so not too long to go ironic of course he gets off with us thank you all right everybody you have to go from The Junction this way not bad uh it's okay we uh we're gonna talk thank you stutti thank you you take my number Cinnamon you can ask how much the price very expensive yeah I know it will be more yeah then I can pick you there no tomorrow morning we don't do you want to go next day we're not sure yeah you anyway you take mine oh it's okay we just uh we go through the hotel okay far into it which is very common here but um like I don't want to waste his time I don't want to waste my time so that's why I'm like my John and I just don't I'm sorry I'm not going on you're Safari,419,1,Overcharging,Overcharging,2,Moderate,-0.5,Sri Lanka,Colombo,6.9271,79.8612,https://www.youtube.com/watch?v=12ViUYWuZ6Y,0,Tourists / Travel Vloggers,2026-08-06 10:51:33,HIGH
762,youtube,YouTube Safety Videos,0.5,Tier-2 Community,Is Sri Lanka safe to visit?? MY HONEST TAKE 🇱🇰,"If you're wondering if Sri Lanka is a safe country to visit. Honestly, I have not felt unsafe here like once. I'm here walking with my like bag just open and I didn't notice anybody like even caring about that. We are just all girls walking around. We didn't even get any calling or nothing. A lot of people do speak English. Most of them actually do. It's such an amazing country with such an amazing culture and beautiful people. So if you are just ever wondering if Sri Lanka is like dangerous and you're afraid to come, it's so",107,0,Safety Advisory,Safety Advisory (Non-Incident),1,Low,0.5,Sri Lanka,Colombo,6.9271,79.8612,https://www.youtube.com/watch?v=atOIhMXt13I,0,Tourists / Travel Vloggers,2026-08-06 10:51:35,HIGH
763,youtube,YouTube Safety Videos,0.5,Tier-2 Community,17 things I Wish I Knew BEFORE travelling to SRI LANKA 🇱🇰,"here are 17 things I wish I knew before I visited 
Sri Lanka now I've spent a couple of months in   this country and there's definitely things you 
need to know before visiting and the first one   is the head bobble actually means yes or okay 
now in the western world shaking a head means   no but actually over in Sri Lanka it's completely 
different when you first get there it is quite a   shock but just remember that when you see someone 
shake their head once you go you'll understand now   number two is something I actually read before 
coming to the country and that is lots of the   reviews are fake and I was wasn't too sure 
about this after spending a couple of weeks   in the country reading reviews of restaurants 
hotels guest houses there was like 100 reviews   with 10 Stars each and you're just like that looks 
a little bit dodgy so just take that into account   when looking for stuff now number three Sri Lanka 
may look like a really small country below India   but actually it is pretty big and it takes a long 
time to get around the island this is due to some   of the infrastructure but things like buses and 
trains you could be on these trains for like 8   hours long and only cover a small distance of the 
the country now here I'm talking about the public   transportation that's what takes a long time to 
get around the country but it also means that all   the public transportation is super cheap as cheap 
as I've seen it anywhere in the world we took a   train journey for like 7 hours and it costs 
like £150 in second class which is incredible   value now number four something I loved about Sri 
Lanka is the local people are super friendly and   also really helpful if you're ever stuck and the 
great thing which actually surprised me a little   bit is they speak really good English English not 
all of them obviously but a lot of people speak   English so it's really easy communicate ask about 
problems or whatever you got just ask people they   will help you out now number five this one's 
a little bit of a confusing one so let's think   about this for a moment so there are two Monsoon 
seasons in Sri Lanka and two dry seasons in Sri   Lanka and this even though it's a small island 
the country kind of splits in half when's the   monsoon season and the dry season now the dry 
season also known as a tourist peak season in   the southwest of Sri Lanka is between December and 
March in the North Eastern side of Sri Lanka the   dry season or the tourist season is between May 
to September so depending on which part of Sri   Lanka you're looking to go to depends on which 
time you should go in the year now number six   Sri Lanka is a big bargaining place so this means 
things like Tuk tucks taxi rides Market stuff not   in food or restaurants that stuff is you know that 
stat is the same price but all other stuff you can   bargain for it because otherwise you're going to 
be spending a lot more than you actually need to   now as tourists",573,0,Safety Advisory,Safety Advisory (Non-Incident),1,Low,0.3,Ella,Nuwara Eliya,6.8728,81.0464,https://www.youtube.com/watch?v=VyAn4wgUchs,0,Tourists / Travel Vloggers,2026-08-06 10:51:38,HIGH
765,youtube,YouTube Safety Videos,0.5,Tier-2 Community,What&#39;s this travel ban on Sri Lanka? Is it true? Is Sri Lanka safe to Travel?,"is it safe to travel to Sri Lanka right now? I know you've been wondering about that question and that's probably why you're watching this video because you may have seen on the news that there are some travel advisories travel bans about Sri Lanka it all started with the US embassy in Colombo putting out a travel alert on October 23rd it specifically said avoid travel to Arugam Bay due to a credible threat of course alarmed by this many of the other nations they put out travel advisories against Sri Lanka I think UK which copied the the same  message from the Sri Lankan US embassy website  which instead of saying the UK nationals they just copy pasted the whole US nationals itself and even Australians they were alarmed of this through the Smart Traveller updates to be very cautious about travel to Sri Lanka and we actually found out a lot about this in the coming days the days following this alert and there was a credible threat but that is only in Arugam Bay and that is mainly because of some illegal Israeli operations happening because of they wanted to put up their own Israeli establishment and then there was some tensions between the Muslims in the area because Arugam Bay is a very small town in the east coast of Sri Lanka and the known I mean the security forces the Defense Ministry everybody knew about this threat and for this purpose there have been military and safety regulations in Arugam Bay for almost a week before so even though this was not shown on the news much because this was just like a precaution every country in the world has a precaution when there is a credible threat right? so this ensures the safety of all the travelers so this is what Sri Lanka did too When let's say somebody yells a ""bomb"" on a plane or then they have like a credible threat against the bomb people tighten up the airport security right but just because of that people don't say don't go to this airport people still travel but they have a heightened security measure just like this even for Arugam Bay, since weeks before they have a military personnel checking every movements of people travelling and if there is any credible threats what's happening and because of this there was a big showdown of Sri Lanka again on the news saying that it's not safe to travel people should avoid staying in Sri Lanka people should fly out of Sri Lanka all because of this US embassy's alert but on the 28th the US Ambassador to Sri Lanka Miss Julie Chung she said that there's no travel ban to Sri Lanka the only message they wanted to say was be careful of Arugam Bay in her words There is no travel ban on Sri Lanka our security alert last week is for Americans to avoid Arugam Bay until further notice but our overall travel advisory for Sri Lanka remains exactly same at Level 2 which has been for so many years she also said that the Level 2 security alert is already applied for countries like Maldives France, Italy so this means that Sri Lankan safety for all the nationalities I",560,0,Safety Advisory,Safety Advisory (Non-Incident),1,Low,0.5,Colombo,Colombo,6.9271,79.8612,https://www.youtube.com/watch?v=qVAJmuwQWfg,0,Tourists / Travel Vloggers,2026-08-06 10:51:43,HIGH
768,youtube,YouTube Safety Videos,0.5,Tier-2 Community,"Avoid &quot;Non-Essential Travel&quot; To Sri Lanka, Says Centre In Advisory",India has issued a travel advisory to all Indians in sri lanka which says that avoid non-essential travel or movements in sri lanka given the security situation on the ground we've seen similar travel warnings from Britain the Netherlands and the United States since the April 21 bombings Australia also on Friday warned that more terror attacks were likely in Sri Lanka in its latest travel advisory the US State Department has warned that terrorist groups continue plotting possible attacks,82,0,Travel Advisory,Safety Advisory (Non-Incident),1,Low,0.5,Sri Lanka,Colombo,6.9271,79.8612,https://www.youtube.com/watch?v=VQGIUPteu2U,0,Tourists / Travel Vloggers,2026-08-06 10:51:49,HIGH
769,youtube,YouTube Safety Videos,0.5,Tier-2 Community,Don&#39;t fall for this tuk tuk scam - Sri Lanka #travel #traveling #funny,"We got out of the train station, this great tuk-tuk driver. He wanted to charge us uh 600 rupees. But we weaseled him down to 500. And I was like, ""You know what, Sean? We probably should just give him the 500 bucks. Guy's got a [ __ ] massive [ __ ] on him. [ __ ] huge dick. He's out here slanging dick, ripping a tuk-tuk. [ __ ] shout out to my boy with the big dick. See you later.""",79,1,Tuk Tuk Scam,Tuk-Tuk / Transport Scam,2,Moderate,-0.5,Sri Lanka,Colombo,6.9271,79.8612,https://www.youtube.com/watch?v=TzuEqQPSqp0,0,Tourists / Travel Vloggers,2026-08-06 10:51:55,MEDIUM
771,youtube,YouTube Safety Videos,0.5,Tier-2 Community,දන්නවද ඔන්න Tuk-Tuk තහනම්! 🚖 Rental Scam Revealed!,"දන්නවද ඔන්න Tuk-Tuk තහනම්! 🚖 Rental Scam Revealed!. Driving tuk-tuks in Sri Lanka is illegal for tourists, but some rental companies are still encouraging it — putting visitors at risk and ...",33,1,Tourist Scam / Warning,General Safety Incident,2,Moderate,-0.5,Sri Lanka,Colombo,6.9271,79.8612,https://www.youtube.com/watch?v=IMJir_xfWCg,0,Tourists / Travel Vloggers,2026-08-06 10:52:01,MEDIUM
773,youtube,YouTube Safety Videos,0.5,Tier-2 Community,"AVOID This SCAM in Colombo, SRI LANKA 🇱🇰",hello how are you good afternoon from Sri Lanka hello sir okay yes yes that's me anyways I just arrived yesterday so today is my first real day in Sri Lanka and here we are in the capital of Colombo and we just got into tuk-tuk we're going to a market and it's gonna be great the first thing I like to do when I get to a new country is go to a market and see what it's all about see the locals see the food see how the the busy people working on their day whoa It's a bumpy one it's a bumpy it's Friday so it should be lots of people there and yeah let's have a great time let's see what's going on in Colombo I like this it's nice Joker what is your name sir nandu nice to meet you location is this the pit the market fit the market this way okay okay thank you sir thank you five star of course you gave me a tour look at this Tower there you go bro thank you it's a card for my YouTube channel thank you nice to meet you cheers bro all right well we just arrived at our destination I think the Market's right up ahead hit the market wow look how uh nice rock is with the tower the busy streets have a look at the markets and see what's happening hello sir how are you all right how are you doing you I'm from I'm from USA USA Erica yes this my daughter is married to America yeah America damn his name's Dan this is named Dan the Man Dan the man is this the Pizza Market yeah [Music] yes you come this my two two is a local price 100 100 yeah okay let's go let's go sir welcome to Colombo we're going to the Peta Market a nice man thank you sir what is your name juice juice and John Bruce dude John Cruz John Cruz I born I born nice to meet you nice to meet you my friend Ivan from Colombo yeah yeah foreign okay okay you heard the man he said 100 let's see if he sticks true to it but you gotta appreciate the hustle the other guy dropped me off at the wrong location [Music] so we'll see it better Market yeah yeah better Market [Music] the fresh coconuts right here 150 rupees for a coconut wow you can't beat that you cannot eat that my friends that's like maybe 50 cents 60 cents [Music] I just arrived yesterday yesterday I just arrived yes yesterday I judge just mark it my friend just mark it want to go detective Market I need to buy some things so that's why we're going to the market [Music] all right turn on the meter or better Market but he's going the wrong way going the wrong way it's going the right way once I looked on my phone and pointed it out yeah yeah I only want to go to pet the market not this one it's not pepper Martin no bro that's the market seven minutes away pet the market no this of only one market is the Colombo city okay okay it's here this location yes yes okay let me see you Jason is a very far big Market I want to go to Big Market Pennsylvania this is very long with the 10 kilometers many many Market let me see this one is small City Market I want the big Market bro yes yes no problem 10 kilometers no problem no it's here it's here it's in the city,651,1,Transport Fraud,Tuk-Tuk / Transport Scam,2,Moderate,-0.5,Colombo,Colombo,6.9271,79.8612,https://www.youtube.com/watch?v=4XR-UGvU1yM,0,Tourists / Travel Vloggers,2026-08-06 10:52:08,HIGH
774,youtube,YouTube Safety Videos,0.5,Tier-2 Community,SRILANKA GEMS: Real Treasure or a Big SCAM? Don&#39;t Get Trapped! (Part 3),"Sri Lanka series part three, Kandy Lake serene peaceful. Next we were lured into a gem emporium. They ushered us into an underground mini theater like we were about to watch a blockbuster Rajinikanth premiere. Instead of popcorn we got a documentary on how these stones are pulled from mud, scrapped and polished into greatness. Educational yes, clever trap absolutely. Then a stroll through the workshop seeing the master craftsman at work is incredible. Their precision is mind-blowing. It's all very National Geographic until you realize you're being funneled toward the final boss level, the showroom. Here comes the prime target. They've got stones in every color of the rainbow and jewelry that could blind a pirate. Now I'm not a gem guy and my idea of precious stones is a well-shaped barbell, but my friend he fell for the sparkle. He made a purchase fit like a king and then well, let's just say we later found out tourist prices are very real, very expensive thing. Pallet zero, Sri Lanka one. To wash away the bitterness of overpaying we stopped for the king of fruits, durian. It's the only fruit that requires a hazmat suit and a sense of adventure. It smells like a gym locker but tastes like heaven. Never mind that. We continued our journey. We hit a scenic route and stopped for lunch at a restaurant perched right nearby a waterfall as well as a river and some wonderful scenic hills. The ambience was cool. It was pretty a large restaurant and not much crowded. To be honest, the food was a bit like a cold shoulder. Pretty disappointing. The bread, the vegetables, the rice, the chicken, everything was cold. We did a quick round of the local artifacts downstairs before hitting the balcony again because for that view it was to die for. The air up here, pure oxygen. The view worth every penny we overpaid for the gym earlier. This is the kind of scenery that makes you want to write poetry or at least take 45 identical photos for the gram. The mist was rolling over the peaks like a blanket. It's dramatic, moody, and it's perfect backdrop for my contemplative traveler pose. I might not be a gym person, but I am definitely a this view is the real pressure person. See those hills? They've been here for millions of years. Spectacular and yet they don't charge a tourist tax just to look at them. Take notes, gem shop. We had a quick look at the falls nearby. A small but beautiful one. Then we continued our journey. Stick around because there is plenty more to come. Sri Lanka has a lot to offer. Stay tuned, guys, and don't forget to like, comment, and subscribe.",476,1,Gem Scam,Gem / Jewellery Scam,2,Moderate,-0.5,Kandy,Kandy,7.2906,80.6337,https://www.youtube.com/watch?v=0rD9snOG0Is,0,Tourists / Travel Vloggers,2026-08-06 10:52:11,HIGH
775,youtube,YouTube Safety Videos,0.5,Tier-2 Community,Scammers On Sri Lanka 🇱🇰 What He Doesn&#39;t Next Will Shock You!! #srilanka #dailyvlog,Scammers On Sri Lanka 🇱🇰 What He Doesn&#39;t Next Will Shock You!! #srilanka #dailyvlog. Scammers On Sri Lanka What He Doesn't Next Will Shock You!! #srilanka #dailyvlog You Can Support Me By Purchasing ...,35,1,Tourist Scam / Warning,General Safety Incident,2,Moderate,-0.5,Sri Lanka,Colombo,6.9271,79.8612,https://www.youtube.com/watch?v=-e3mKVni9SE,0,Tourists / Travel Vloggers,2026-08-06 10:52:14,MEDIUM
776,youtube,YouTube Safety Videos,0.5,Tier-2 Community,Catfishing Scammers in Sri Lanka,"How much? – Rs. 4800. - How much? Oh man, I'm not giving you Rs. 4800. Out of the way, man. Namaste friends. Sri Lankan touts and tourist drivers have a terrible reputation amongst foreign tourists. So many have been scammed and looted here. So let's go down here today at the fort and let's see what we can find. Let's catfish a scammer. Hey Bro. What's up? Say hello. And they approach you just like that. It is so easy, you just have to walk on the street & they will come up to me. And it was so easy. I met a guy at breakfast yesterday, he comes up to me pretending he's a local, has a tea with me, and yeah nah, he was the rickshaw driver. So let's go catfish a scammer along here and see what their story is, what their ploys are, and what happens. Subscriber: Hi Karl, how are you? –Great bro, how are you? Very good. When did you come to Sri Lanka? -Don't blow my cover right now bro. Sorry? -Don't blow my cover right now. How are you? -I'm doing good. You're here with Manisha or just you? -No, just alone man. Just alone, what are you up to? I'm just rushing to work. No worries man. See you later. Thank you so much. Message me on Instagram and I'll type back, ok? –Yea, sure sure. This rickshaw driver that you can see in the background. Just remember him. He's working with this scammer to extort foreigners and we're gonna meet him again, soon. Just two more days. –You came yesterday last night? Yeah, two days ago. Don't know. Just walking around. You're working at a hotel? Thanks for helping me. Watch out. Don't get run over. Oh wow, beautiful. So this little tour is leading up to two ways that they try to make money by pretending they're just friendly locals. First, they're gonna try and get me to drop massive amounts of money on gems. And then they're gonna try and extort me. What you're gonna see is the reason why it's so hard for foreigners to trust locals on the street. And actually a real local would never try to milk a guest like this. No. What's sapphire? Good man. Oh these are beautiful. What are all these things? These all are Sri Lankan gemstones. Only from Sri Lanka. Really beautiful, what's this one? –This is Citrine. Citrine? You know sapphires have (unintelligible). I'd call it yellow. Oh wait, that's two yellow. This is gold, this is yellow. Wow. This all sapphire, sir. Sri Lankan sapphire is the best sapphire in the world. This is known as Ceylon sapphire right around the world. If you buy something from Sri Lanka the value of it in New Zealand is nearly 4-5 times more. Really? Four or five times more? This is the source where you find these stones. What you buy here, it's duty free. There is no duty involved. It's bringing for exchange into the country. You know, the tourist benefits from it. In Sri Lanka you should buy something with sapphire. It will always keep value for you. If you take it back, you can make, I can guarantee you 100%. You can make more than that, but I can guarantee a value of more than 100%. This one is really s",593,1,Gem Scam,Gem / Jewellery Scam,2,Moderate,-0.5,Colombo,Colombo,6.9271,79.8612,https://www.youtube.com/watch?v=TJY-vcYczjc,0,Tourists / Travel Vloggers,2026-08-06 10:52:16,HIGH
777,youtube,YouTube Safety Videos,0.5,Tier-2 Community,Scam in Gemstones Trade Of Ratnapura Sri Lanka,"Scam in Gemstones Trade Of Ratnapura Sri Lanka. Hi, I'm Arsh, a full-time traveler exploring the world one destination at a time. Welcome to my Sri Lanka series! Join me as I journey ...",35,1,Gem Scam,Gem / Jewellery Scam,2,Moderate,-0.5,Sri Lanka,Colombo,6.9271,79.8612,https://www.youtube.com/watch?v=sfaB_xBtFjM,0,Tourists / Travel Vloggers,2026-08-06 10:52:17,MEDIUM
778,youtube,YouTube Safety Videos,0.5,Tier-2 Community,Top 5 Dangerous places which are also attractive in Sri Lanka 🇱🇰 | #exploreplaces #travel #explore,Top 5 Dangerous places which are also attractive in Sri Lanka 🇱🇰 | #exploreplaces #travel #explore. Top 5 Dangerous places which are also so attractive and beautiful in Sri Lanka #travel #tourist #tourism #touristplace #touring ...,33,0,Safety Advisory,Safety Advisory (Non-Incident),1,Low,-0.5,Sri Lanka,Colombo,6.9271,79.8612,https://www.youtube.com/watch?v=oWha-59KjMc,0,Tourists / Travel Vloggers,2026-08-06 10:52:36,MEDIUM
779,youtube,YouTube Safety Videos,0.5,Tier-2 Community,There is a dangerous street with zombies in Sri Lanka 🇱🇰🧟😱 #srilanka #zombie #dengerous #travel,"There is a dangerous street with zombies in Sri Lanka 🇱🇰🧟😱 #srilanka #zombie #dengerous #travel. Sri Lanka has some dangerous streets where many people use illegal substances and can be seen unconscious and dirty, ...",33,0,Safety Advisory,Safety Advisory (Non-Incident),1,Low,-0.5,Sri Lanka,Colombo,6.9271,79.8612,https://www.youtube.com/watch?v=hZLCeUhVclw,0,Tourists / Travel Vloggers,2026-08-06 10:52:38,MEDIUM
780,youtube,YouTube Safety Videos,0.5,Tier-2 Community,Top 5 Dangerous places in Sri lanka,Top 5 Dangerous places in Sri lanka. Check out my socials guys Instagram - https://www.instagram.com/d_furii/ TikTok - https://www.tiktok.com/@d_furi_explore other ...,25,0,Safety Advisory,Safety Advisory (Non-Incident),1,Low,-0.5,Sri Lanka,Colombo,6.9271,79.8612,https://www.youtube.com/watch?v=z28i6yEPuVg,0,Tourists / Travel Vloggers,2026-08-06 10:52:40,MEDIUM
781,youtube,YouTube Safety Videos,0.5,Tier-2 Community,most dangerous place in sri lanka 🇱🇰🛑🔥🤢🤮🥶🥵,most dangerous place in sri lanka 🇱🇰🛑🔥🤢🤮🥶🥵.,6,0,Safety Advisory,Safety Advisory (Non-Incident),1,Low,-0.5,Sri Lanka,Colombo,6.9271,79.8612,https://www.youtube.com/watch?v=eFrManHqbt4,0,Tourists / Travel Vloggers,2026-08-06 10:52:46,MEDIUM
782,youtube,YouTube Safety Videos,0.5,Tier-2 Community,AVOID THIS MAN IN COLOMBO (Sri Lanka Tourist Scam) 🇱🇰,"AVOID THIS MAN IN COLOMBO (Sri Lanka Tourist Scam) 🇱🇰. On my first day in Sri Lanka, I almost got scammed. Here's what happened: a Sri Lankan scammer approached me in the ...",32,1,Tourist Scam / Warning,General Safety Incident,2,Moderate,-0.5,Colombo,Colombo,6.9271,79.8612,https://www.youtube.com/watch?v=fSJtBW2xpz8,0,Tourists / Travel Vloggers,2026-08-06 10:52:49,MEDIUM
783,youtube,YouTube Safety Videos,0.5,Tier-2 Community,"I Got Scammed 5 Times in ONE DAY – Colombo, Sri Lanka 🇱🇰 Warning: Tourist Scams You Need to Know","I Got Scammed 5 Times in ONE DAY – Colombo, Sri Lanka 🇱🇰 Warning: Tourist Scams You Need to Know. I couldn't believe what happened in Colombo… I got scammed five times in just one day — from fake tuk-tuk drivers to overpriced ...",42,1,Tourist Scam / Warning,General Safety Incident,2,Moderate,-0.5,Colombo,Colombo,6.9271,79.8612,https://www.youtube.com/watch?v=vpkx59YWYdk,0,Tourists / Travel Vloggers,2026-08-06 10:52:51,MEDIUM
784,youtube,YouTube Safety Videos,0.5,Tier-2 Community,"Fake Market Hunt in Kandy, Sri Lanka 🇱🇰","Fake Market Hunt in Kandy, Sri Lanka 🇱🇰. I visited the main clothes and fabric market in Kandy, tried to bargain with my terrible bargaining skills and met a friendly local who ...",31,1,Tourist Scam / Warning,General Safety Incident,2,Moderate,-0.5,Kandy,Kandy,7.2906,80.6337,https://www.youtube.com/watch?v=De-9d_GIqCY,0,Tourists / Travel Vloggers,2026-08-06 10:52:55,MEDIUM
785,youtube,YouTube Safety Videos,0.5,Tier-2 Community,How Not To Get SCAMMED in SRI LANKA,How Not To Get SCAMMED in SRI LANKA. srilankan #srilankan #tuktuk How Not To Get SCAMMED in SRI LANKA Protecting yourself from scams is important wherever you ...,27,1,Tuk Tuk Scam,Tuk-Tuk / Transport Scam,2,Moderate,-0.5,Sri Lanka,Colombo,6.9271,79.8612,https://www.youtube.com/watch?v=PXI9VHHgk5Q,0,Tourists / Travel Vloggers,2026-08-06 10:52:57,MEDIUM
786,youtube,YouTube Safety Videos,0.5,Tier-2 Community,Exploring Kandy. Don&#39;t fall for this SCAM!🇱🇰,"Exploring Kandy. Don&#39;t fall for this SCAM!🇱🇰. We take a stroll around the city, visit the main attraction of the Temple of the Sacred Tooth, an amazing local restaurant that were ...",33,1,Tourist Scam / Warning,General Safety Incident,2,Moderate,-0.5,Kandy,Kandy,7.2906,80.6337,https://www.youtube.com/watch?v=oG6pfLAfhww,0,Tourists / Travel Vloggers,2026-08-06 10:52:58,MEDIUM
787,youtube,YouTube Safety Videos,0.5,Tier-2 Community,Sri Lanka&#39;s Worst Market Scammer 🇱🇰,"Sri Lanka&#39;s Worst Market Scammer 🇱🇰. SRI LANKA, KANDY: Whenever I'm in a new city I like to check out the local markets to see what goods are for sale and how much ...",35,1,Tourist Scam / Warning,General Safety Incident,2,Moderate,-0.5,Kandy,Kandy,7.2906,80.6337,https://www.youtube.com/watch?v=8woWFDiFYpQ,0,Tourists / Travel Vloggers,2026-08-06 10:53:03,MEDIUM
788,youtube,YouTube Safety Videos,0.5,Tier-2 Community,"⚠️ BE CAREFUL TO THIS SCAM on your way to Ella’s rock, in Ella, Sri Lanka. Lots of locals do this.","⚠️ BE CAREFUL TO THIS SCAM on your way to Ella’s rock, in Ella, Sri Lanka. Lots of locals do this..",21,1,Tourist Scam / Warning,General Safety Incident,2,Moderate,-0.5,Ella,Nuwara Eliya,6.8728,81.0464,https://www.youtube.com/watch?v=ywsSMTQQCvI,0,Tourists / Travel Vloggers,2026-08-06 10:53:08,MEDIUM
789,youtube,YouTube Safety Videos,0.5,Tier-2 Community,"Avoid this SCAM in Ella, Sri Lanka 🇱🇰","Avoid this SCAM in Ella, Sri Lanka 🇱🇰. Avoid this SCAM in Ella, Sri Lanka Join this channel to get access to perks: https://bit.ly/3RCC4Sx Ways that can you support ...",31,1,Tourist Scam / Warning,General Safety Incident,2,Moderate,-0.5,Ella,Nuwara Eliya,6.8728,81.0464,https://www.youtube.com/watch?v=yMe6SE9Vef4,0,Tourists / Travel Vloggers,2026-08-06 10:53:10,MEDIUM
790,youtube,YouTube Safety Videos,0.5,Tier-2 Community,Sri Lanka In 10 mins | ITINERARY | Scams | Do&#39;s and Don&#39;ts | Kandy to Ella Train,"Sri Lanka In 10 mins | ITINERARY | Scams | Do&#39;s and Don&#39;ts | Kandy to Ella Train. Planning a trip to Sri Lanka? This video is your ultimate guide! From how to reach Sri Lanka to obtaining your visa, we've got you ...",44,0,Safety Advisory,Safety Advisory (Non-Incident),1,Low,0.3,Kandy,Kandy,7.2906,80.6337,https://www.youtube.com/watch?v=gAMhUs4xyOc,0,Tourists / Travel Vloggers,2026-08-06 10:53:17,MEDIUM
791,youtube,YouTube Safety Videos,0.5,Tier-2 Community,🇱🇰 SRI LANKA | Scam or Tourist Trap? 5 things you must AVOID in Sri Lanka,"🇱🇰 SRI LANKA | Scam or Tourist Trap? 5 things you must AVOID in Sri Lanka. srilanka #scam just want to Share some of my experience which I had In Colombo, SRILANKA. To make awareness and help ...",35,1,Tourist Scam / Warning,General Safety Incident,2,Moderate,-0.5,Colombo,Colombo,6.9271,79.8612,https://www.youtube.com/watch?v=pcXy6CYJT8Q,0,Tourists / Travel Vloggers,2026-08-06 10:53:22,MEDIUM
792,youtube,YouTube Safety Videos,0.5,Tier-2 Community,Don&#39;t Be a VICTIM To This Tourist Scam 🇱🇰,Don&#39;t Be a VICTIM To This Tourist Scam 🇱🇰. Beware of these Sri Lanka tuk tuk drivers scamming tourist super late at night. Don't be a victim. This is not the first time we've had ...,38,1,Tuk Tuk Scam,Tuk-Tuk / Transport Scam,2,Moderate,-0.5,Sri Lanka,Colombo,6.9271,79.8612,https://www.youtube.com/watch?v=KgDpz8HN3ZM,0,Tourists / Travel Vloggers,2026-08-06 10:53:23,MEDIUM
793,youtube,YouTube Safety Videos,0.5,Tier-2 Community,Colombo Airport Bus Tourist Scam Sri Lanka - Bach Gya Mai To,"Colombo Airport Bus Tourist Scam Sri Lanka - Bach Gya Mai To. For Air Tickets, Hotel Booking, Visa, Forex WhatsApp me on (+91)8146055143 Follow me on Instagram- @officialpulkitgoyal1 Sri ...",29,1,Harassment,Harassment / Assault,2,Moderate,-0.5,Colombo,Colombo,6.9271,79.8612,https://www.youtube.com/watch?v=pLGIqGf1b7Y,0,Tourists / Travel Vloggers,2026-08-06 10:53:25,MEDIUM
794,youtube,YouTube Safety Videos,0.5,Tier-2 Community,Sri Lanka - Robbed by scam artists in Tissa 🇱🇰💸 | Trexpat travel,"Sri Lanka - Robbed by scam artists in Tissa 🇱🇰💸 | Trexpat travel. In this episode I get scammed and robbed by shady characters in the Yala safari tour operator organized crime ring, in the ...",32,1,Theft / Robbery,Theft / Robbery,2,Moderate,-0.5,Sri Lanka,Colombo,6.9271,79.8612,https://www.youtube.com/watch?v=VzoLNqRyuBs,0,Tourists / Travel Vloggers,2026-08-06 10:53:27,MEDIUM
795,youtube,YouTube Safety Videos,0.5,Tier-2 Community,Street Scammers in Sri Lanka,Street Scammers in Sri Lanka. EATLOG 58 This was the story of how we got from Dambulla to Galle in one day. It became more of like a podcast near the end ...,32,1,Tourist Scam / Warning,General Safety Incident,2,Moderate,-0.5,Galle,Galle,6.0535,80.221,https://www.youtube.com/watch?v=J5SdnBPBvRM,0,Tourists / Travel Vloggers,2026-08-06 10:53:30,MEDIUM
796,youtube,YouTube Safety Videos,0.5,Tier-2 Community,Avoid this Sri Lankan Man! 🇱🇰 #shorts,Avoid this Sri Lankan Man! 🇱🇰 #shorts. Join my free travel content creator community helping people accelerate their growth and meet people on their journey to ...,25,1,Tourist Scam / Warning,General Safety Incident,2,Moderate,-0.5,Sri Lanka,Colombo,6.9271,79.8612,https://www.youtube.com/watch?v=oMus9MuRJdQ,0,Tourists / Travel Vloggers,2026-08-06 10:54:25,MEDIUM
797,newswire,Newswire.lk,0.63,Tier-1 Press,Police warn of Scam Gangs impersonating Senior Officers in Colombo,"The Police have issued a public warning regarding fraudulent activities carried out by organized groups impersonating senior police officers. According to reports, these groups have been making phone calls to tourist hotels and other private institutions in Colombo, posing as high-ranking police officials. They have allegedly deceived establishments by claiming that food supplies and money were required for various events. Investigations into these scams have already commenced. Police emphasized that such fraudulent activities are being conducted by individuals or organized groups and urged the public and institutions not to be misled. Authorities further requested that anyone with information related to these incidents immediately inform the nearest police station or contact the designated telephone numbers provided.(Newswire)",117,1,Tourist Safety Incident,General Safety Incident,1,Low,-0.6,Colombo,Colombo,6.9271,79.8612,https://www.newswire.lk/2026/02/25/police-warn-of-scam-gangs-impersonating-senior-officers-in-colombo/,0,Tourists,2026-08-06 12:06:51,HIGH
798,newswire,Newswire.lk,0.63,Tier-1 Press,02 three-wheeler drivers arrested for defrauding tourists,"Two three-wheeler drivers have been arrested for defrauding two foreign tourists by charging excessive amounts for their travel during their holiday in Sri Lanka. According to the Police, two complaints have been filed with the Tourism Police, after which investigations were launched. The Police said a Brazilian tourist and a Belgian tourist had been charged Rs. 10,000 and Rs. 30,000 during their travels on 02nd and 05th October. The arrested three-wheeler drivers are aged 40 and 48 years, and are residents of Imbulgoda and Wellampitiya. The three-wheeler drivers have been handed over to the Cinnamon Gardens and Colpetty Police Stations for further investigations.(Newswire/ Image- file pic)",112,0,Safety Advisory,Safety Advisory (Non-Incident),1,Low,-0.6,Ella,Nuwara Eliya,6.8728,81.0464,https://www.newswire.lk/2025/10/10/02-three-wheeler-drivers-arrested-for-defrauding-tourists/,0,Tourists,2026-08-06 12:06:51,HIGH
799,newswire,Newswire.lk,0.63,Tier-1 Press,Upcoming Tourist Season: Statement from Sri Lanka Tourism,"Sri Lanka Tourism has assured that the highest levels of safety and security will be maintained for all visitors throughout their stay in Sri Lanka. Issuing a statement, Sri Lanka Tourism extended a warm invitation to travellers from around the world to visit the country during the upcoming tourist season. “We ensure that all tourists can enjoy a safe and secure experience while exploring the beauty of our island. The highest levels of safety and security will be maintained for all visitors throughout their stay in Sri Lanka,” it said. Sri Lanka Tourism further said that the Ministry of Defense has also assured that necessary measures have been taken to guarantee the safety of tourists across all areas of the country, ensuring peace of mind for those currently staying in Sri Lanka and for those planning their visits. The assurance comes in the backdrop of several countries issuing travel advisories to Sri Lanka, citing terrorism threats. The US Embassy had initially issued the travel advisory to its citizens, stating that it had received credible information warning of an attack targeting popular tourist locations in the Arugam Bay area. Issuing a clarification on the travel advisory, Police Spokesman Nihal Thalduwa said that the surge in Israeli tourists and the occupation of a building in the Arugam Bay area has prompted the US Embassy in Colombo to issue an advisory. DIG Thalduwa has confirmed that special security measures are currently in place in Arugam Bay, with the involvement of the Police, Special Task Force (STF), Navy, Army, and State Intelligence Services (SIS).(Newswire)",261,0,Safety Advisory,Safety Advisory (Non-Incident),1,Low,-0.6,Colombo,Colombo,6.9271,79.8612,https://www.newswire.lk/2024/10/23/upcoming-tourist-season-statement-from-sri-lanka-tourism/,0,Tourists,2026-08-06 12:06:51,HIGH
800,newswire,Newswire.lk,0.63,Tier-1 Press,Notice for all Israeli nationals in Sri Lanka,"Sri Lanka Police has introduced a special hotline for Israelis in distress or those needing to ensure their personal safety. “If an Israelite, who has visited Sri Lanka as a tourist or for other purposes, feels the need to ensure his/her personal security, he/she may directly contact the telephone number and get the necessary assistance,” a Police Media Unit statement said. Israeli nationals currently in Sri Lanka are requested to contact the DIG Tourist Range of the Sri Lanka Police via the hotline071-8592651in case they need any assistance or information. The new hotline has been introduced amid warnings of a potential attack on Israelis in the Arugam Bay area. The warning has prompted law enforcement authorities to tighten security in Arugam Bay, while several countries have issued travel warnings to their citizens.(Newswire)",136,0,Safety Advisory,Safety Advisory (Non-Incident),1,Low,-0.6,Arugam,Monaragala,6.8399,81.8325,https://www.newswire.lk/2024/10/24/notice-for-all-israeli-nationals-in-sri-lanka/,0,Tourists,2026-08-06 12:06:51,HIGH
802,daily_mirror,Daily Mirror (LK),0.72,Tier-1 Press,Robbed millions from Russian tourists at Unawatuna tourist hotel: Police hunts for another suspect - Daily Mirror - Sri Lanka,Robbed millions from Russian tourists at Unawatuna tourist hotel: Police hunts for another suspect &nbsp;&nbsp; Daily Mirror - Sri Lanka,20,1,Theft / Robbery,Theft / Robbery,2,Moderate,-0.65,Unawatuna,Galle,5.9997,80.2489,https://news.google.com/rss/articles/CBMi6wFBVV95cUxNR0pFbFdIaktIanJvVmd0Q0QyV3BOUGwzREEwR3YtMU5OVkZ3bWRnYnRxVUZfcm9mNDd0OFFfdU90NGtlMkRDZVBhVG5wNnBrak5NY1I3RTJXMVc0QTRqRmpEQmhiSEdsLUZIOHZOeHc2Y0huUkUyLWN4clRwRkxHTzU0MXJSaVJBcEJtVld3NHpOSGVHbHRyY0psN0EwRVp3MzdJejFGTDNQVXFKVmxFYnpHSmdPdjF1OWZlVXotMXBubnlDWjNjWk5wVGRDNkIxTW0yOXhTdnh5MEtWR1k0X2V4b2FnamtmdmQ4?oc=5,0,Tourists,2026-08-06 12:12:51,MEDIUM
803,sunday_times,Sunday Times (LK),0.75,Tier-1 Press,"Police to take action on foreign tourist harassment recorded on social media - The Sunday Times, Sri Lanka","Police to take action on foreign tourist harassment recorded on social media &nbsp;&nbsp; The Sunday Times, Sri Lanka",19,1,Harassment / Assault,Harassment / Assault,1,Low,-0.65,Sri Lanka,Colombo,6.9271,79.8612,https://news.google.com/rss/articles/CBMixgFBVV95cUxQQzZ4NVdmVnI5VTB2ZjBPeFFSdjBXel9MMDdxZThCQVpHcDVrRkZvNGh4a0ZoSEY1dGFPcVI5aDQwOFBGaUplbHQzdl9oQ215S0tGbUp5TThhWDBtQTF1YWQ5Z2V6NkdJNWZNYUNsV1VTOVJ1QkVRTTRVeVVVeDlLdjFiX2wzSlIxOG41VVJjNS12TkdpTG9KeHRSUGkzODNJTU9oSDBHUWUtM0RmY0V0a0c4WTBfT3ZtY1hKRFdVYW55TDRvT1E?oc=5,0,Tourists,2026-08-06 12:17:47,MEDIUM
804,sunday_times,Sunday Times (LK),0.75,Tier-1 Press,"Thefts from tourists raise alarms overseas - The Sunday Times, Sri Lanka","Thefts from tourists raise alarms overseas &nbsp;&nbsp; The Sunday Times, Sri Lanka",13,1,Theft / Robbery,Theft / Robbery,1,Low,-0.65,Sri Lanka,Colombo,6.9271,79.8612,https://news.google.com/rss/articles/CBMimAFBVV95cUxPMTJibnltSnJ2YkdtOURGV2k3MFB1RzhvN2tMcEFsenBwazVlVk9tZUE0aXZvTjRxLXhZVGtCZjJ2M19FWDhIM0ZMcjY5MmhGRG5TTmJyVjYwSlJqODlNRnU1V3BuelZsdFB5eEI5WWl5OElUSWJWX1gwZndScjVIOUVtVXM2TmJ1Nk9kcGF2WjVlbmNicDU5UQ?oc=5,0,Tourists,2026-08-06 12:17:47,MEDIUM
805,sunday_times,Sunday Times (LK),0.75,Tier-1 Press,"UK Foreign Travel Advice Summary on Sri Lanka warns travellers of Dengue fever, sexual assault, spiked drinks, road accidents, drowning and credit card fraud - The Sunday Times, Sri Lanka","UK Foreign Travel Advice Summary on Sri Lanka warns travellers of Dengue fever, sexual assault, spiked drinks, road accidents, drowning and credit card fraud &nbsp;&nbsp; The Sunday Times, Sri Lanka",31,1,Harassment / Assault,Harassment / Assault,2,Moderate,-0.65,Sri Lanka,Colombo,6.9271,79.8612,https://news.google.com/rss/articles/CBMi5wFBVV95cUxOQ2tVSGJTQjhUZndUb0ROa2VQOENRemFWamtJdGg5amE5bDhvR2NNNnNWOFhOMTR4bkp2NHpIUGlOYnJ5V2lFTWtEdVVSZkdSdy1YdE1PMVJucEZDcE5FRTRfaENQOGE2Q1ZDUFN5bDZVbXlMQS0zdHFLUzRDdllab0czWE1HMkgzYVZaV0FmWlBuSzNjX0k4VjJ0OFNTWC15M1RoM0FyaFl1MmVuelczWlc0eHgtZUtvelA0LUYxaFVoMUpYTE9GNmluQzhSUW5yMktwY1hPRklPT0Utd3lmY2c1bmQ2a28?oc=5,0,Tourists,2026-08-06 12:17:47,MEDIUM
806,sunday_times,Sunday Times (LK),0.75,Tier-1 Press,"Sexual harassment of tourists on the rise - The Sunday Times, Sri Lanka","Sexual harassment of tourists on the rise &nbsp;&nbsp; The Sunday Times, Sri Lanka",14,1,Harassment / Assault,Harassment / Assault,1,Low,-0.65,Sri Lanka,Colombo,6.9271,79.8612,https://news.google.com/rss/articles/CBMiX0FVX3lxTE1DOG9DTEVFUVd4STljaGhkMEFMZC1nbEs2UGxyTzF6U2RJZHlLQWdWLXZ4bkNWa3pNR3UxY0JSeGNFMy1YMmRrZ2VBR0VucmxDYWVtYUhxLUZuYjNfNGxn?oc=5,0,Tourists,2026-08-06 12:17:47,MEDIUM
807,sunday_times,Sunday Times (LK),0.75,Tier-1 Press,"Sexual assaults on foreign women on the rise as tourist numbers increase - The Sunday Times, Sri Lanka","Sexual assaults on foreign women on the rise as tourist numbers increase &nbsp;&nbsp; The Sunday Times, Sri Lanka",19,1,Harassment / Assault,Harassment / Assault,2,Moderate,-0.65,Sri Lanka,Colombo,6.9271,79.8612,https://news.google.com/rss/articles/CBMivwFBVV95cUxOX0hMOUM2emJCakdiOXNPUThEZ3dIYlhZWERnQTMwM0ZMS3hjb0JIZ281YUMtUzg4VkRreGtaOWtsOTZsUjJFZUhrUFo4NE9SN3JwOEw2ekFyVnNmQzJXMTRPZU5OZFVtazJYTURMZC1SWmQxN2tIbEVlWFlabXVMNTRGdnBzMHhQZ3hZUkRwcy10b3dNZHVPVzRnSXpkel9mWmNGV3R0U0RNRlQwem1wZGRYWDNJdTk0dVB0UjZhcw?oc=5,0,Tourists,2026-08-06 12:17:47,MEDIUM
808,sunday_times,Sunday Times (LK),0.75,Tier-1 Press,"Sexual harassment of tourists in the south continues unabated - The Sunday Times, Sri Lanka","Sexual harassment of tourists in the south continues unabated &nbsp;&nbsp; The Sunday Times, Sri Lanka",16,1,Harassment / Assault,Harassment / Assault,1,Low,-0.65,Sri Lanka,Colombo,6.9271,79.8612,https://news.google.com/rss/articles/CBMisAFBVV95cUxOZVh4QTBVRGQ2cE5jUmZVdnE5Q0Q3SEp5ZmYtc2ZRbG5DZk1LQmFTWXpFR19XLV9Zb2hsT29CVC0yVkdtdWVWSS1aWHY1YWNfR2hVY3R3WU81MWxxOElEcDVUbW9zX3lTTFAtdHNfZDFkX0tEYW1vQ19XcmVqMEQzckVhdWZRaDluRGVVbjRvVFNiNmd1VnRjUmtYMS1hMGxnUkdqT3Fzb25rUklMcWkwbg?oc=5,0,Tourists,2026-08-06 12:17:47,MEDIUM
809,sunday_times,Sunday Times (LK),0.75,Tier-1 Press,"Harassment worse than terrorism for tourists to SL - new THASL president - The Sunday Times, Sri Lanka","Harassment worse than terrorism for tourists to SL - new THASL president &nbsp;&nbsp; The Sunday Times, Sri Lanka",18,1,Harassment / Assault,Harassment / Assault,1,Low,-0.65,Sri Lanka,Colombo,6.9271,79.8612,https://news.google.com/rss/articles/CBMiaEFVX3lxTE9BX2UySUxsLTFQSXNxUXdEUF9SSTBDS3Myc2E2bnM3aW1Nak9rTkdlV2o1cVphbzF4cnRYSEVaekptOHExN2h3SGdLaE1kbUNUTGwwcXdxVXhrNUxndTNrT25WT1kxTnRX?oc=5,0,Tourists,2026-08-06 12:17:47,MEDIUM
810,newsfirst,NewsFirst / Sirasa,0.65,Tier-1 Press,Trincomalee Beach Party Turns Violent: Foreign Tourists Attacked - Newsfirst,Trincomalee Beach Party Turns Violent: Foreign Tourists Attacked &nbsp;&nbsp; Newsfirst,11,0,Safety Advisory,Safety Advisory (Non-Incident),1,Low,-0.65,Trincomalee,Trincomalee,8.5874,81.2152,https://news.google.com/rss/articles/CBMimwFBVV95cUxNbW9zSk1CU2F5c1lFSXNnd1BwVVZydzZFdmhld1FNb202TTRKLW5fWTEwUVNYQnFCc2hKYU9fVXhZdXRQQ2NHbVlFblBpanlGZkhMRHRrdVZBdTFMYWhJSExUS2FwV2R1OFR4QXdxaDdudF9IOTRVaEZQQnNkYjJIaHp6UHhuQjBwb01IbWZoNlYtdGdKa2hya0lqWQ?oc=5,0,Tourists,2026-08-06 12:27:14,MEDIUM
